id,class
0,5
1,4
2,13
3,4
4,5
5,1
6,15
7,17
8,3
9,18
10,8
11,8
12,5
13,13
14,15
15,18
16,9
17,9
18,12
19,14
20,9
21,9
22,9
23,9
24,2
25,15
26,3
27,15
28,4
29,19
30,10
31,3
32,5
33,15
34,14
35,8
36,13
37,14
38,3
39,13
40,18
41,6
42,14
43,15
44,6
45,2
46,18
47,14
48,18
49,6
50,5
51,8
52,5
53,9
54,3
55,19
56,6
57,19
58,15
59,18
60,1
61,13
62,14
63,12
64,9
65,6
66,3
67,14
68,10
69,15
70,14
71,5
72,17
73,1
74,3
75,1
76,14
77,3
78,11
79,3
80,13
81,8
82,3
83,9
84,3
85,11
86,1
87,18
88,8
89,2
90,13
91,8
92,11
93,11
94,6
95,8
96,13
97,14
98,13
99,11
100,3
101,14
102,8
103,13
104,1
105,18
106,13
107,17
108,10
109,18
110,6
111,4
112,19
113,9
114,6
115,14
116,14
117,3
118,17
119,18
120,11
121,8
122,12
123,8
124,9
125,13
126,15
127,8
128,6
129,17
130,18
131,15
132,10
133,8
134,12
135,17
136,15
137,17
138,15
139,14
140,15
141,11
142,11
143,10
144,13
145,1
146,14
147,2
148,15
149,4
150,1
151,14
152,12
153,1
154,4
155,15
156,14
157,9
158,12
159,17
160,2
161,15
162,9
163,3
164,14
165,14
166,1
167,9
168,1
169,9
170,13
171,18
172,14
173,3
174,12
175,8
176,6
177,18
178,4
179,9
180,9
181,8
182,3
183,18
184,3
185,18
186,10
187,6
188,2
189,15
190,6
191,19
192,18
193,15
194,3
195,3
196,3
197,15
198,18
199,11
200,14
201,18
202,18
203,1
204,15
205,8
206,9
207,15
208,6
209,10
210,13
211,15
212,1
213,4
214,6
215,12
216,18
217,1
218,8
219,4
220,15
221,3
222,12
223,14
224,10
225,19
226,13
227,11
228,17
229,8
230,19
231,9
232,15
233,14
234,2
235,5
236,8
237,3
238,8
239,9
240,18
241,11
242,14
243,13
244,9
245,2
246,18
247,15
248,14
249,15
250,9
251,11
252,12
253,8
254,13
255,14
256,4
257,3
258,9
259,15
260,19
261,19
262,18
263,18
264,17
265,8
266,13
267,18
268,12
269,10
270,13
271,8
272,13
273,19
274,15
275,3
276,15
277,18
278,8
279,15
280,18
281,9
282,14
283,3
284,13
285,17
286,10
287,15
288,3
289,18
290,6
291,11
292,14
293,3
294,4
295,19
296,3
297,13
298,13
299,9
300,12
301,19
302,15
303,10
304,12
305,9
306,10
307,8
308,17
309,4
310,9
311,18
312,12
313,8
314,15
315,16
316,9
317,13
318,9
319,8
320,15
321,14
322,15
323,13
324,2
325,7
326,14
327,9
328,19
329,8
330,18
331,8
332,10
333,17
334,18
335,12
336,18
337,15
338,14
339,15
340,3
341,19
342,13
343,14
344,14
345,3
346,12
347,1
348,15
349,14
350,10
351,2
352,9
353,6
354,18
355,7
356,6
357,12
358,5
359,14
360,14
361,6
362,10
363,9
364,9
365,3
366,11
367,6
368,6
369,18
370,3
371,14
372,15
373,9
374,2
375,15
376,19
377,6
378,3
379,18
380,3
381,13
382,15
383,14
384,15
385,15
386,13
387,13
388,13
389,10
390,8
391,6
392,18
393,4
394,18
395,8
396,11
397,1
398,12
399,9
400,5
401,8
402,2
403,15
404,13
405,13
406,3
407,17
408,4
409,19
410,14
411,4
412,11
413,14
414,13
415,18
416,1
417,7
418,8
419,9
420,9
421,3
422,6
423,9
424,9
425,8
426,6
427,9
428,8
429,14
430,16
431,13
432,14
433,15
434,12
435,15
436,8
437,4
438,6
439,13
440,9
441,8
442,4
443,13
444,1
445,3
446,13
447,13
448,3
449,11
450,8
451,13
452,5
453,15
454,9
455,18
456,6
457,18
458,19
459,15
460,15
461,9
462,13
463,14
464,16
465,15
466,8
467,13
468,7
469,15
470,15
471,14
472,6
473,8
474,6
475,12
476,2
477,3
478,3
479,14
480,18
481,6
482,18
483,9
484,6
485,10
486,18
487,18
488,12
489,19
490,18
491,15
492,3
493,15
494,19
495,9
496,19
497,15
498,14
499,13
500,14
501,9
502,9
503,10
504,15
505,16
506,3
507,1
508,8
509,17
510,12
511,6
512,3
513,13
514,16
515,3
516,1
517,19
518,1
519,12
520,16
521,14
522,10
523,7
524,9
525,9
526,11
527,9
528,6
529,15
530,8
531,13
532,3
533,1
534,11
535,10
536,15
537,14
538,3
539,9
540,18
541,14
542,14
543,18
544,15
545,8
546,13
547,13
548,6
549,13
550,19
551,18
552,15
553,14
554,9
555,4
556,6
557,12
558,12
559,18
560,9
561,13
562,14
563,18
564,16
565,2
566,14
567,9
568,2
569,12
570,19
571,10
572,5
573,8
574,3
575,6
576,18
577,4
578,4
579,9
580,1
581,19
582,7
583,1
584,2
585,6
586,3
587,8
588,1
589,3
590,8
591,6
592,9
593,18
594,12
595,19
596,8
597,14
598,5
599,9
600,13
601,5
602,1
603,18
604,18
605,6
606,8
607,18
608,14
609,8
610,9
611,2
612,6
613,8
614,8
615,1
616,10
617,14
618,13
619,12
620,12
621,11
622,3
623,18
624,1
625,14
626,9
627,8
628,3
629,14
630,18
631,15
632,6
633,12
634,7
635,14
636,16
637,14
638,8
639,9
640,4
641,14
642,19
643,16
644,15
645,3
646,19
647,18
648,16
649,8
650,6
651,6
652,11
653,3
654,1
655,8
656,8
657,13
658,2
659,7
660,14
661,19
662,18
663,6
664,6
665,3
666,11
667,18
668,8
669,3
670,13
671,15
672,13
673,15
674,12
675,16
676,18
677,18
678,3
679,9
680,13
681,12
682,13
683,1
684,17
685,18
686,8
687,5
688,18
689,5
690,14
691,6
692,16
693,13
694,8
695,5
696,18
697,14
698,6
699,15
700,14
701,6
702,8
703,9
704,15
705,13
706,5
707,13
708,18
709,13
710,6
711,18
712,15
713,7
714,11
715,1
716,3
717,10
718,9
719,17
720,13
721,18
722,14
723,15
724,13
725,18
726,5
727,13
728,3
729,19
730,1
731,2
732,3
733,16
734,15
735,5
736,14
737,5
738,15
739,14
740,14
741,9
742,1
743,2
744,8
745,16
746,8
747,14
748,1
749,10
750,9
751,6
752,6
753,15
754,12
755,3
756,14
757,8
758,19
759,2
760,12
761,5
762,8
763,18
764,3
765,8
766,5
767,15
768,8
769,4
770,16
771,15
772,9
773,6
774,3
775,3
776,8
777,1
778,13
779,13
780,9
781,2
782,15
783,9
784,19
785,13
786,14
787,15
788,8
789,9
790,4
791,13
792,18
793,3
794,18
795,18
796,10
797,12
798,13
799,9
800,10
801,14
802,9
803,9
804,14
805,14
806,9
807,6
808,13
809,3
810,7
811,18
812,12
813,13
814,13
815,13
816,15
817,10
818,17
819,10
820,12
821,9
822,13
823,6
824,18
825,10
826,5
827,9
828,13
829,13
830,3
831,13
832,7
833,9
834,3
835,7
836,13
837,11
838,8
839,14
840,19
841,8
842,13
843,1
844,3
845,3
846,6
847,17
848,3
849,13
850,3
851,3
852,1
853,6
854,15
855,13
856,14
857,15
858,13
859,14
860,7
861,9
862,10
863,1
864,18
865,3
866,1
867,3
868,15
869,4
870,15
871,3
872,18
873,14
874,9
875,14
876,4
877,2
878,10
879,7
880,5
881,13
882,14
883,14
884,1
885,14
886,14
887,18
888,13
889,15
890,8
891,3
892,15
893,6
894,18
895,9
896,1
897,2
898,15
899,9
900,5
901,18
902,2
903,10
904,1
905,4
906,8
907,14
908,3
909,19
910,9
911,3
912,15
913,13
914,8
915,1
916,18
917,3
918,3
919,9
920,6
921,2
922,8
923,19
924,8
925,6
926,9
927,18
928,8
929,9
930,3
931,3
932,5
933,10
934,10
935,13
936,12
937,10
938,3
939,8
940,13
941,14
942,18
943,13
944,18
945,15
946,14
947,13
948,6
949,3
950,3
951,13
952,7
953,14
954,8
955,15
956,19
957,18
958,16
959,9
960,6
961,17
962,8
963,19
964,8
965,12
966,14
967,11
968,3
969,14
970,8
971,15
972,14
973,3
974,11
975,11
976,8
977,3
978,6
979,18
980,4
981,9
982,5
983,5
984,10
985,18
986,10
987,10
988,13
989,13
990,7
991,2
992,4
993,6
994,9
995,13
996,3
997,15
998,13
999,16
1000,8
1001,13
1002,18
1003,3
1004,13
1005,2
1006,15
1007,1
1008,17
1009,2
1010,18
1011,4
1012,14
1013,15
1014,6
1015,6
1016,18
1017,8
1018,9
1019,1
1020,17
1021,10
1022,13
1023,9
1024,13
1025,8
1026,3
1027,14
1028,8
1029,13
1030,2
1031,19
1032,9
1033,19
1034,8
1035,8
1036,12
1037,5
1038,13
1039,6
1040,5
1041,10
1042,3
1043,15
1044,5
1045,18
1046,6
1047,3
1048,9
1049,9
1050,13
1051,6
1052,8
1053,5
1054,14
1055,11
1056,14
1057,9
1058,16
1059,11
1060,8
1061,15
1062,8
1063,9
1064,9
1065,3
1066,8
1067,18
1068,14
1069,6
1070,1
1071,9
1072,14
1073,13
1074,9
1075,15
1076,9
1077,9
1078,9
1079,8
1080,12
1081,9
1082,8
1083,3
1084,10
1085,10
1086,15
1087,12
1088,13
1089,15
1090,13
1091,15
1092,3
1093,3
1094,6
1095,15
1096,1
1097,13
1098,6
1099,9
1100,18
1101,4
1102,18
1103,13
1104,6
1105,1
1106,10
1107,6
1108,5
1109,8
1110,13
1111,10
1112,9
1113,14
1114,11
1115,8
1116,1
1117,8
1118,4
1119,10
1120,1
1121,1
1122,1
1123,6
1124,8
1125,15
1126,6
1127,15
1128,18
1129,1
1130,17
1131,9
1132,4
1133,6
1134,9
1135,10
1136,15
1137,8
1138,9
1139,14
1140,18
1141,9
1142,9
1143,14
1144,18
1145,15
1146,1
1147,4
1148,3
1149,6
1150,15
1151,16
1152,10
1153,2
1154,6
1155,1
1156,3
1157,1
1158,1
1159,13
1160,18
1161,8
1162,11
1163,9
1164,2
1165,7
1166,6
1167,18
1168,3
1169,15
1170,11
1171,8
1172,3
1173,12
1174,3
1175,10
1176,14
1177,9
1178,14
1179,14
1180,15
1181,15
1182,12
1183,9
1184,14
1185,14
1186,15
1187,12
1188,9
1189,5
1190,3
1191,3
1192,13
1193,6
1194,9
1195,2
1196,1
1197,3
1198,4
1199,3
1200,15
1201,8
1202,10
1203,3
1204,14
1205,2
1206,14
1207,7
1208,13
1209,6
1210,18
1211,19
1212,15
1213,2
1214,3
1215,15
1216,19
1217,5
1218,3
1219,9
1220,8
1221,6
1222,3
1223,17
1224,2
1225,13
1226,9
1227,3
1228,15
1229,13
1230,3
1231,11
1232,3
1233,18
1234,8
1235,9
1236,11
1237,6
1238,8
1239,6
1240,4
1241,15
1242,18
1243,6
1244,3
1245,10
1246,6
1247,13
1248,6
1249,13
1250,16
1251,4
1252,4
1253,18
1254,3
1255,9
1256,6
1257,4
1258,5
1259,14
1260,12
1261,3
1262,13
1263,13
1264,12
1265,8
1266,4
1267,6
1268,3
1269,15
1270,4
1271,15
1272,18
1273,14
1274,15
1275,18
1276,14
1277,9
1278,1
1279,4
1280,2
1281,19
1282,15
1283,15
1284,3
1285,15
1286,5
1287,13
1288,10
1289,9
1290,7
1291,13
1292,1
1293,6
1294,19
1295,3
1296,9
1297,5
1298,15
1299,3
1300,3
1301,17
1302,6
1303,2
1304,6
1305,10
1306,15
1307,3
1308,1
1309,18
1310,18
1311,12
1312,4
1313,9
1314,6
1315,8
1316,8
1317,8
1318,14
1319,17
1320,9
1321,18
1322,13
1323,2
1324,2
1325,1
1326,13
1327,6
1328,4
1329,6
1330,3
1331,19
1332,3
1333,15
1334,12
1335,18
1336,4
1337,2
1338,6
1339,13
1340,13
1341,15
1342,13
1343,9
1344,12
1345,6
1346,15
1347,15
1348,14
1349,13
1350,8
1351,8
1352,18
1353,17
1354,2
1355,6
1356,9
1357,6
1358,4
1359,19
1360,13
1361,18
1362,13
1363,8
1364,3
1365,3
1366,13
1367,1
1368,1
1369,5
1370,6
1371,4
1372,13
1373,13
1374,13
1375,9
1376,18
1377,3
1378,15
1379,2
1380,9
1381,2
1382,16
1383,14
1384,15
1385,15
1386,13
1387,11
1388,18
1389,11
1390,4
1391,4
1392,19
1393,19
1394,9
1395,14
1396,8
1397,13
1398,3
1399,1
1400,15
1401,13
1402,18
1403,15
1404,18
1405,4
1406,18
1407,9
1408,8
1409,2
1410,6
1411,9
1412,8
1413,11
1414,18
1415,6
1416,9
1417,9
1418,8
1419,11
1420,4
1421,8
1422,1
1423,15
1424,15
1425,17
1426,9
1427,13
1428,13
1429,14
1430,3
1431,1
1432,4
1433,6
1434,3
1435,3
1436,8
1437,1
1438,13
1439,18
1440,10
1441,3
1442,15
1443,13
1444,6
1445,13
1446,13
1447,3
1448,13
1449,13
1450,4
1451,19
1452,13
1453,9
1454,17
1455,8
1456,6
1457,14
1458,4
1459,16
1460,15
1461,6
1462,6
1463,9
1464,3
1465,4
1466,9
1467,3
1468,18
1469,14
1470,3
1471,13
1472,13
1473,6
1474,17
1475,5
1476,14
1477,9
1478,7
1479,12
1480,18
1481,19
1482,3
1483,6
1484,4
1485,9
1486,8
1487,15
1488,3
1489,14
1490,8
1491,6
1492,18
1493,3
1494,17
1495,3
1496,9
1497,6
1498,8
1499,13
1500,2
1501,4
1502,18
1503,18
1504,13
1505,2
1506,15
1507,13
1508,10
1509,9
1510,5
1511,15
1512,3
1513,17
1514,14
1515,19
1516,14
1517,1
1518,1
1519,4
1520,9
1521,14
1522,6
1523,8
1524,3
1525,8
1526,9
1527,8
1528,8
1529,12
1530,9
1531,18
1532,6
1533,10
1534,1
1535,6
1536,13
1537,8
1538,13
1539,6
1540,4
1541,2
1542,1
1543,8
1544,15
1545,14
1546,9
1547,3
1548,13
1549,13
1550,15
1551,3
1552,14
1553,1
1554,1
1555,19
1556,11
1557,8
1558,8
1559,14
1560,18
1561,5
1562,8
1563,2
1564,12
1565,9
1566,19
1567,8
1568,14
1569,14
1570,8
1571,18
1572,4
1573,15
1574,5
1575,18
1576,10
1577,13
1578,18
1579,18
1580,5
1581,13
1582,15
1583,18
1584,3
1585,4
1586,14
1587,3
1588,9
1589,3
1590,14
1591,14
1592,6
1593,12
1594,13
1595,14
1596,8
1597,6
1598,3
1599,14
1600,6
1601,5
1602,18
1603,19
1604,14
1605,15
1606,18
1607,8
1608,18
1609,14
1610,9
1611,11
1612,13
1613,3
1614,14
1615,6
1616,9
1617,3
1618,1
1619,15
1620,12
1621,13
1622,1
1623,9
1624,9
1625,7
1626,10
1627,18
1628,9
1629,3
1630,15
1631,8
1632,4
1633,13
1634,8
1635,19
1636,11
1637,4
1638,17
1639,9
1640,19
1641,18
1642,12
1643,13
1644,18
1645,18
1646,18
1647,6
1648,14
1649,18
1650,13
1651,9
1652,6
1653,7
1654,8
1655,7
1656,18
1657,17
1658,13
1659,3
1660,10
1661,15
1662,13
1663,19
1664,9
1665,6
1666,13
1667,18
1668,9
1669,18
1670,6
1671,3
1672,16
1673,8
1674,3
1675,3
1676,15
1677,15
1678,13
1679,8
1680,16
1681,4
1682,18
1683,13
1684,18
1685,14
1686,12
1687,19
1688,10
1689,15
1690,14
1691,3
1692,13
1693,13
1694,3
1695,6
1696,10
1697,1
1698,7
1699,8
1700,3
1701,4
1702,6
1703,8
1704,8
1705,13
1706,3
1707,3
1708,4
1709,15
1710,1
1711,14
1712,10
1713,2
1714,1
1715,15
1716,9
1717,8
1718,14
1719,3
1720,3
1721,17
1722,18
1723,6
1724,15
1725,9
1726,13
1727,1
1728,13
1729,11
1730,5
1731,18
1732,15
1733,2
1734,5
1735,8
1736,18
1737,6
1738,6
1739,18
1740,3
1741,19
1742,13
1743,15
1744,9
1745,15
1746,15
1747,4
1748,1
1749,13
1750,19
1751,10
1752,13
1753,13
1754,17
1755,11
1756,2
1757,18
1758,13
1759,3
1760,12
1761,13
1762,16
1763,18
1764,18
1765,13
1766,3
1767,8
1768,15
1769,10
1770,1
1771,12
1772,2
1773,12
1774,12
1775,8
1776,3
1777,3
1778,15
1779,11
1780,14
1781,8
1782,7
1783,18
1784,11
1785,17
1786,12
1787,13
1788,9
1789,9
1790,3
1791,17
1792,8
1793,3
1794,3
1795,14
1796,19
1797,3
1798,13
1799,9
1800,6
1801,14
1802,15
1803,15
1804,18
1805,4
1806,15
1807,8
1808,8
1809,15
1810,10
1811,6
1812,13
1813,13
1814,12
1815,13
1816,16
1817,9
1818,14
1819,14
1820,4
1821,13
1822,14
1823,15
1824,9
1825,3
1826,18
1827,14
1828,12
1829,1
1830,12
1831,9
1832,18
1833,9
1834,9
1835,1
1836,9
1837,12
1838,18
1839,15
1840,11
1841,1
1842,3
1843,3
1844,9
1845,6
1846,13
1847,12
1848,13
1849,13
1850,19
1851,18
1852,8
1853,9
1854,14
1855,17
1856,5
1857,8
1858,10
1859,2
1860,19
1861,5
1862,13
1863,3
1864,6
1865,14
1866,7
1867,15
1868,8
1869,6
1870,14
1871,9
1872,19
1873,8
1874,1
1875,14
1876,4
1877,9
1878,16
1879,7
1880,8
1881,18
1882,17
1883,15
1884,8
1885,7
1886,19
1887,19
1888,10
1889,13
1890,7
1891,15
1892,1
1893,1
1894,13
1895,3
1896,17
1897,3
1898,14
1899,9
1900,3
1901,18
1902,8
1903,6
1904,10
1905,9
1906,16
1907,10
1908,17
1909,7
1910,14
1911,9
1912,1
1913,11
1914,16
1915,15
1916,18
1917,3
1918,8
1919,11
1920,14
1921,8
1922,1
1923,8
1924,1
1925,13
1926,8
1927,18
1928,14
1929,10
1930,9
1931,10
1932,9
1933,3
1934,13
1935,11
1936,14
1937,15
1938,6
1939,11
1940,15
1941,18
1942,6
1943,8
1944,9
1945,15
1946,8
1947,9
1948,3
1949,18
1950,13
1951,1
1952,3
1953,14
1954,15
1955,14
1956,17
1957,18
1958,3
1959,15
1960,6
1961,15
1962,2
1963,19
1964,9
1965,15
1966,3
1967,15
1968,14
1969,19
1970,2
1971,11
1972,11
1973,18
1974,14
1975,15
1976,11
1977,15
1978,8
1979,9
1980,17
1981,3
1982,15
1983,5
1984,13
1985,14
1986,15
1987,15
1988,12
1989,2
1990,12
1991,11
1992,5
1993,18
1994,13
1995,19
1996,10
1997,15
1998,6
1999,15
2000,19
2001,3
2002,6
2003,19
2004,13
2005,1
2006,8
2007,14
2008,3
2009,17
2010,3
2011,3
2012,9
2013,8
2014,2
2015,9
2016,14
2017,9
2018,8
2019,3
2020,16
2021,13
2022,13
2023,1
2024,9
2025,3
2026,9
2027,9
2028,15
2029,6
2030,13
2031,15
2032,13
2033,11
2034,4
2035,15
2036,15
2037,9
2038,18
2039,13
2040,14
2041,12
2042,11
2043,17
2044,6
2045,15
2046,5
2047,1
2048,11
2049,3
2050,2
2051,4
2052,13
2053,12
2054,3
2055,10
2056,11
2057,8
2058,3
2059,9
2060,1
2061,6
2062,19
2063,1
2064,14
2065,13
2066,15
2067,18
2068,18
2069,14
2070,18
2071,12
2072,15
2073,11
2074,8
2075,11
2076,11
2077,2
2078,14
2079,9
2080,9
2081,3
2082,13
2083,14
2084,2
2085,12
2086,6
2087,6
2088,17
2089,13
2090,8
2091,15
2092,8
2093,14
2094,18
2095,15
2096,3
2097,13
2098,1
2099,6
2100,15
2101,14
2102,12
2103,5
2104,11
2105,9
2106,4
2107,1
2108,12
2109,10
2110,8
2111,12
2112,15
2113,13
2114,10
2115,15
2116,14
2117,3
2118,18
2119,15
2120,6
2121,7
2122,13
2123,1
2124,13
2125,6
2126,7
2127,9
2128,15
2129,10
2130,18
2131,13
2132,3
2133,12
2134,9
2135,13
2136,13
2137,17
2138,3
2139,18
2140,18
2141,11
2142,3
2143,10
2144,18
2145,7
2146,10
2147,11
2148,2
2149,2
2150,19
2151,13
2152,6
2153,5
2154,18
2155,15
2156,9
2157,9
2158,14
2159,9
2160,2
2161,7
2162,3
2163,18
2164,17
2165,17
2166,11
2167,16
2168,15
2169,18
2170,13
2171,2
2172,14
2173,15
2174,3
2175,18
2176,6
2177,17
2178,18
2179,17
2180,9
2181,6
2182,7
2183,3
2184,2
2185,1
2186,14
2187,16
2188,18
2189,12
2190,8
2191,18
2192,9
2193,7
2194,8
2195,13
2196,4
2197,2
2198,5
2199,8
2200,9
2201,18
2202,6
2203,8
2204,9
2205,7
2206,14
2207,9
2208,15
2209,18
2210,13
2211,6
2212,9
2213,7
2214,9
2215,14
2216,13
2217,15
2218,14
2219,19
2220,6
2221,11
2222,4
2223,18
2224,13
2225,18
2226,10
2227,18
2228,11
2229,9
2230,13
2231,13
2232,7
2233,12
2234,9
2235,12
2236,8
2237,13
2238,15
2239,9
2240,15
2241,6
2242,2
2243,4
2244,9
2245,14
2246,15
2247,6
2248,7
2249,17
2250,14
2251,13
2252,14
2253,3
2254,12
2255,3
2256,8
2257,3
2258,5
2259,18
2260,8
2261,9
2262,7
2263,1
2264,8
2265,9
2266,1
2267,15
2268,6
2269,14
2270,10
2271,4
2272,6
2273,15
2274,18
2275,8
2276,17
2277,8
2278,2
2279,6
2280,7
2281,14
2282,18
2283,10
2284,14
2285,13
2286,9
2287,13
2288,9
2289,3
2290,4
2291,15
2292,8
2293,14
2294,16
2295,12
2296,16
2297,6
2298,8
2299,3
2300,8
2301,8
2302,8
2303,16
2304,7
2305,9
2306,8
2307,3
2308,8
2309,3
2310,8
2311,8
2312,18
2313,7
2314,13
2315,14
2316,18
2317,8
2318,17
2319,13
2320,14
2321,13
2322,14
2323,9
2324,18
2325,3
2326,6
2327,6
2328,9
2329,18
2330,2
2331,17
2332,6
2333,14
2334,10
2335,9
2336,11
2337,16
2338,13
2339,14
2340,15
2341,6
2342,2
2343,9
2344,11
2345,17
2346,7
2347,3
2348,18
2349,18
2350,3
2351,14
2352,9
2353,3
2354,18
2355,15
2356,15
2357,18
2358,11
2359,17
2360,3
2361,3
2362,10
2363,18
2364,9
2365,18
2366,3
2367,3
2368,18
2369,15
2370,13
2371,14
2372,6
2373,9
2374,1
2375,8
2376,18
2377,6
2378,9
2379,11
2380,8
2381,17
2382,8
2383,17
2384,14
2385,15
2386,10
2387,15
2388,15
2389,15
2390,2
2391,8
2392,13
2393,9
2394,10
2395,14
2396,13
2397,9
2398,9
2399,13
2400,18
2401,6
2402,2
2403,12
2404,4
2405,5
2406,14
2407,9
2408,13
2409,6
2410,3
2411,7
2412,11
2413,13
2414,1
2415,9
2416,4
2417,11
2418,15
2419,18
2420,9
2421,6
2422,8
2423,19
2424,6
2425,15
2426,6
2427,19
2428,13
2429,18
2430,8
2431,8
2432,8
2433,9
2434,2
2435,13
2436,14
2437,15
2438,6
2439,1
2440,19
2441,9
2442,8
2443,14
2444,4
2445,14
2446,1
2447,10
2448,3
2449,3
2450,18
2451,17
2452,6
2453,14
2454,12
2455,4
2456,9
2457,13
2458,18
2459,6
2460,3
2461,8
2462,12
2463,13
2464,15
2465,14
2466,13
2467,15
2468,13
2469,1
2470,4
2471,13
2472,9
2473,9
2474,6
2475,7
2476,13
2477,2
2478,19
2479,9
2480,17
2481,3
2482,14
2483,3
2484,13
2485,18
2486,18
2487,18
2488,13
2489,9
2490,19
2491,15
2492,18
2493,3
2494,9
2495,12
2496,17
2497,15
2498,3
2499,10
2500,18
2501,17
2502,11
2503,6
2504,9
2505,18
2506,12
2507,14
2508,8
2509,14
2510,12
2511,15
2512,14
2513,15
2514,3
2515,9
2516,13
2517,18
2518,9
2519,6
2520,14
2521,14
2522,8
2523,9
2524,19
2525,11
2526,13
2527,15
2528,15
2529,14
2530,14
2531,18
2532,19
2533,13
2534,18
2535,15
2536,14
2537,14
2538,12
2539,18
2540,13
2541,2
2542,8
2543,9
2544,13
2545,8
2546,18
2547,6
2548,8
2549,15
2550,8
2551,1
2552,17
2553,9
2554,3
2555,13
2556,18
2557,4
2558,3
2559,3
2560,3
2561,9
2562,3
2563,18
2564,6
2565,4
2566,9
2567,17
2568,17
2569,13
2570,14
2571,1
2572,18
2573,15
2574,3
2575,13
2576,8
2577,8
2578,3
2579,14
2580,14
2581,13
2582,3
2583,15
2584,11
2585,3
2586,9
2587,6
2588,3
2589,19
2590,9
2591,14
2592,18
2593,6
2594,12
2595,15
2596,13
2597,6
2598,8
2599,12
2600,18
2601,6
2602,18
2603,4
2604,8
2605,19
2606,17
2607,3
2608,13
2609,16
2610,17
2611,3
2612,3
2613,8
2614,8
2615,11
2616,15
2617,8
2618,18
2619,3
2620,14
2621,4
2622,3
2623,9
2624,9
2625,3
2626,18
2627,10
2628,15
2629,6
2630,13
2631,3
2632,8
2633,13
2634,8
2635,15
2636,18
2637,8
2638,2
2639,16
2640,18
2641,13
2642,6
2643,14
2644,13
2645,14
2646,1
2647,16
2648,13
2649,13
2650,10
2651,8
2652,19
2653,10
2654,17
2655,8
2656,9
2657,14
2658,6
2659,6
2660,5
2661,1
2662,7
2663,6
2664,3
2665,15
2666,9
2667,9
2668,8
2669,15
2670,3
2671,14
2672,6
2673,9
2674,3
2675,3
2676,8
2677,9
2678,17
2679,8
2680,14
2681,1
2682,1
2683,9
2684,18
2685,14
2686,9
2687,6
2688,9
2689,9
2690,19
2691,3
2692,4
2693,8
2694,1
2695,6
2696,9
2697,18
2698,17
2699,15
2700,13
2701,3
2702,14
2703,9
2704,17
2705,19
2706,14
2707,8
2708,14
2709,9
2710,11
2711,11
2712,8
2713,18
2714,9
2715,19
2716,4
2717,18
2718,14
2719,15
2720,9
2721,6
2722,15
2723,3
2724,15
2725,6
2726,13
2727,3
2728,13
2729,3
2730,18
2731,15
2732,10
2733,13
2734,6
2735,6
2736,9
2737,14
2738,13
2739,16
2740,13
2741,9
2742,6
2743,6
2744,12
2745,2
2746,8
2747,12
2748,6
2749,5
2750,8
2751,8
2752,15
2753,3
2754,13
2755,8
2756,13
2757,17
2758,14
2759,1
2760,19
2761,18
2762,14
2763,5
2764,17
2765,2
2766,14
2767,14
2768,15
2769,12
2770,15
2771,19
2772,2
2773,12
2774,10
2775,18
2776,6
2777,8
2778,14
2779,18
2780,13
2781,19
2782,14
2783,9
2784,9
2785,3
2786,18
2787,9
2788,8
2789,3
2790,8
2791,2
2792,9
2793,15
2794,8
2795,13
2796,3
2797,15
2798,1
2799,6
2800,14
2801,2
2802,6
2803,12
2804,13
2805,15
2806,17
2807,2
2808,10
2809,8
2810,18
2811,6
2812,9
2813,5
2814,15
2815,9
2816,15
2817,14
2818,18
2819,14
2820,13
2821,3
2822,10
2823,10
2824,18
2825,6
2826,12
2827,18
2828,8
2829,1
2830,9
2831,1
2832,7
2833,19
2834,13
2835,13
2836,5
2837,14
2838,19
2839,7
2840,15
2841,3
2842,14
2843,9
2844,17
2845,15
2846,15
2847,18
2848,4
2849,19
2850,1
2851,12
2852,9
2853,17
2854,13
2855,8
2856,15
2857,15
2858,2
2859,9
2860,6
2861,13
2862,13
2863,9
2864,4
2865,8
2866,17
2867,8
2868,3
2869,10
2870,8
2871,12
2872,8
2873,8
2874,14
2875,6
2876,3
2877,18
2878,1
2879,18
2880,6
2881,9
2882,18
2883,8
2884,3
2885,2
2886,13
2887,10
2888,3
2889,18
2890,8
2891,1
2892,16
2893,10
2894,3
2895,6
2896,16
2897,15
2898,15
2899,3
2900,18
2901,6
2902,14
2903,11
2904,15
2905,9
2906,14
2907,5
2908,19
2909,5
2910,9
2911,9
2912,12
2913,10
2914,14
2915,12
2916,3
2917,17
2918,14
2919,17
2920,11
2921,9
2922,15
2923,6
2924,13
2925,12
2926,9
2927,2
2928,18
2929,16
2930,9
2931,14
2932,3
2933,8
2934,9
2935,19
2936,15
2937,8
2938,3
2939,13
2940,3
2941,6
2942,6
2943,11
2944,18
2945,8
2946,9
2947,13
2948,4
2949,1
2950,9
2951,4
2952,4
2953,12
2954,9
2955,6
2956,2
2957,3
2958,13
2959,19
2960,14
2961,19
2962,4
2963,9
2964,6
2965,9
2966,6
2967,3
2968,8
2969,1
2970,4
2971,3
2972,13
2973,1
2974,3
2975,18
2976,13
2977,8
2978,18
2979,6
2980,18
2981,4
2982,15
2983,5
2984,3
2985,8
2986,9
2987,5
2988,14
2989,1
2990,17
2991,19
2992,3
2993,1
2994,1
2995,15
2996,13
2997,12
2998,15
2999,9
3000,14
3001,2
3002,14
3003,9
3004,11
3005,15
3006,9
3007,12
3008,15
3009,14
3010,6
3011,3
3012,18
3013,12
3014,8
3015,3
3016,13
3017,14
3018,15
3019,15
3020,16
3021,3
3022,7
3023,10
3024,6
3025,13
3026,9
3027,13
3028,3
3029,15
3030,19
3031,18
3032,15
3033,16
3034,12
3035,3
3036,17
3037,18
3038,8
3039,10
3040,6
3041,14
3042,13
3043,17
3044,13
3045,13
3046,9
3047,13
3048,4
3049,10
3050,14
3051,3
3052,1
3053,7
3054,15
3055,17
3056,19
3057,5
3058,11
3059,19
3060,9
3061,1
3062,9
3063,5
3064,15
3065,9
3066,13
3067,19
3068,18
3069,1
3070,6
3071,15
3072,7
3073,8
3074,17
3075,3
3076,18
3077,13
3078,3
3079,11
3080,13
3081,13
3082,8
3083,3
3084,6
3085,18
3086,15
3087,3
3088,18
3089,18
3090,3
3091,4
3092,15
3093,6
3094,17
3095,3
3096,6
3097,13
3098,8
3099,11
3100,15
3101,14
3102,9
3103,6
3104,8
3105,11
3106,15
3107,3
3108,1
3109,12
3110,18
3111,15
3112,6
3113,18
3114,3
3115,8
3116,4
3117,9
3118,3
3119,9
3120,8
3121,9
3122,8
3123,10
3124,12
3125,4
3126,6
3127,7
3128,13
3129,6
3130,5
3131,12
3132,6
3133,14
3134,11
3135,8
3136,13
3137,19
3138,12
3139,4
3140,10
3141,14
3142,3
3143,2
3144,4
3145,18
3146,19
3147,15
3148,3
3149,13
3150,18
3151,3
3152,15
3153,18
3154,1
3155,9
3156,16
3157,11
3158,1
3159,14
3160,14
3161,7
3162,14
3163,4
3164,2
3165,3
3166,17
3167,10
3168,3
3169,15
3170,16
3171,4
3172,8
3173,8
3174,18
3175,13
3176,4
3177,2
3178,9
3179,13
3180,18
3181,11
3182,16
3183,13
3184,3
3185,12
3186,3
3187,8
3188,12
3189,9
3190,3
3191,14
3192,15
3193,18
3194,14
3195,15
3196,15
3197,19
3198,10
3199,18
3200,1
3201,1
3202,6
3203,13
3204,6
3205,12
3206,18
3207,15
3208,4
3209,14
3210,8
3211,15
3212,6
3213,9
3214,14
3215,13
3216,13
3217,18
3218,7
3219,7
3220,13
3221,14
3222,4
3223,11
3224,10
3225,6
3226,6
3227,9
3228,6
3229,18
3230,6
3231,9
3232,3
3233,13
3234,14
3235,3
3236,4
3237,18
3238,16
3239,9
3240,16
3241,14
3242,1
3243,8
3244,5
3245,13
3246,8
3247,12
3248,1
3249,1
3250,4
3251,9
3252,8
3253,15
3254,15
3255,3
3256,3
3257,4
3258,15
3259,15
3260,14
3261,2
3262,15
3263,2
3264,4
3265,15
3266,4
3267,2
3268,13
3269,14
3270,14
3271,10
3272,6
3273,6
3274,6
3275,14
3276,4
3277,5
3278,18
3279,19
3280,19
3281,18
3282,9
3283,3
3284,7
3285,13
3286,6
3287,7
3288,18
3289,8
3290,9
3291,13
3292,18
3293,1
3294,8
3295,1
3296,9
3297,13
3298,9
3299,13
3300,18
3301,18
3302,4
3303,7
3304,12
3305,12
3306,9
3307,2
3308,8
3309,12
3310,9
3311,1
3312,10
3313,18
3314,15
3315,3
3316,7
3317,4
3318,8
3319,14
3320,13
3321,2
3322,1
3323,13
3324,18
3325,15
3326,6
3327,13
3328,3
3329,8
3330,18
3331,16
3332,16
3333,8
3334,3
3335,17
3336,8
3337,15
3338,18
3339,19
3340,6
3341,1
3342,10
3343,12
3344,13
3345,18
3346,9
3347,14
3348,18
3349,8
3350,8
3351,12
3352,18
3353,4
3354,15
3355,13
3356,12
3357,11
3358,4
3359,18
3360,5
3361,11
3362,13
3363,13
3364,9
3365,9
3366,15
3367,15
3368,8
3369,15
3370,3
3371,1
3372,13
3373,16
3374,2
3375,17
3376,15
3377,13
3378,8
3379,18
3380,19
3381,18
3382,18
3383,18
3384,15
3385,9
3386,3
3387,15
3388,13
3389,3
3390,18
3391,1
3392,9
3393,13
3394,4
3395,18
3396,15
3397,15
3398,13
3399,4
3400,13
3401,14
3402,6
3403,4
3404,3
3405,6
3406,4
3407,7
3408,13
3409,18
3410,6
3411,12
3412,18
3413,10
3414,9
3415,3
3416,7
3417,11
3418,4
3419,9
3420,6
3421,9
3422,14
3423,12
3424,13
3425,8
3426,18
3427,1
3428,14
3429,18
3430,10
3431,18
3432,8
3433,13
3434,13
3435,9
3436,18
3437,19
3438,3
3439,10
3440,9
3441,8
3442,14
3443,3
3444,9
3445,17
3446,13
3447,18
3448,14
3449,3
3450,14
3451,15
3452,15
3453,12
3454,1
3455,12
3456,8
3457,13
3458,6
3459,4
3460,15
3461,3
3462,1
3463,9
3464,18
3465,14
3466,4
3467,19
3468,2
3469,14
3470,3
3471,14
3472,15
3473,14
3474,17
3475,6
3476,14
3477,6
3478,8
3479,3
3480,8
3481,9
3482,14
3483,6
3484,17
3485,14
3486,2
3487,1
3488,9
3489,2
3490,4
3491,18
3492,11
3493,13
3494,14
3495,2
3496,9
3497,8
3498,9
3499,3
3500,6
3501,3
3502,11
3503,4
3504,6
3505,9
3506,4
3507,13
3508,9
3509,5
3510,18
3511,8
3512,13
3513,8
3514,13
3515,18
3516,14
3517,18
3518,6
3519,2
3520,17
3521,10
3522,13
3523,15
3524,4
3525,6
3526,9
3527,12
3528,11
3529,13
3530,18
3531,12
3532,13
3533,12
3534,19
3535,9
3536,18
3537,3
3538,13
3539,8
3540,14
3541,3
3542,8
3543,6
3544,3
3545,6
3546,2
3547,3
3548,8
3549,2
3550,12
3551,3
3552,3
3553,6
3554,9
3555,18
3556,8
3557,11
3558,16
3559,15
3560,8
3561,8
3562,11
3563,18
3564,9
3565,18
3566,13
3567,18
3568,8
3569,12
3570,10
3571,15
3572,8
3573,14
3574,1
3575,10
3576,9
3577,14
3578,17
3579,9
3580,11
3581,18
3582,17
3583,8
3584,4
3585,6
3586,3
3587,13
3588,12
3589,10
3590,19
3591,15
3592,9
3593,4
3594,4
3595,13
3596,1
3597,9
3598,15
3599,9
3600,6
3601,8
3602,19
3603,9
3604,4
3605,3
3606,9
3607,7
3608,9
3609,14
3610,13
3611,10
3612,3
3613,17
3614,19
3615,3
3616,18
3617,3
3618,9
3619,6
3620,6
3621,9
3622,11
3623,12
3624,9
3625,13
3626,3
3627,19
3628,8
3629,9
3630,10
3631,14
3632,1
3633,8
3634,3
3635,15
3636,18
3637,12
3638,18
3639,13
3640,6
3641,8
3642,3
3643,9
3644,11
3645,18
3646,15
3647,3
3648,18
3649,5
3650,6
3651,19
3652,9
3653,4
3654,3
3655,13
3656,19
3657,5
3658,6
3659,17
3660,4
3661,18
3662,13
3663,18
3664,4
3665,12
3666,3
3667,19
3668,13
3669,6
3670,13
3671,9
3672,9
3673,3
3674,6
3675,13
3676,18
3677,17
3678,8
3679,4
3680,13
3681,15
3682,9
3683,3
3684,3
3685,9
3686,19
3687,1
3688,8
3689,15
3690,3
3691,6
3692,17
3693,4
3694,15
3695,9
3696,13
3697,18
3698,3
3699,8
3700,14
3701,14
3702,14
3703,10
3704,9
3705,15
3706,18
3707,3
3708,10
3709,18
3710,8
3711,11
3712,1
3713,18
3714,6
3715,15
3716,1
3717,12
3718,7
3719,3
3720,10
3721,9
3722,13
3723,2
3724,18
3725,19
3726,14
3727,18
3728,14
3729,14
3730,7
3731,9
3732,3
3733,10
3734,9
3735,5
3736,13
3737,18
3738,6
3739,14
3740,17
3741,8
3742,14
3743,8
3744,17
3745,13
3746,14
3747,15
3748,13
3749,8
3750,13
3751,11
3752,8
3753,14
3754,14
3755,12
3756,8
3757,18
3758,14
3759,1
3760,1
3761,8
3762,15
3763,14
3764,9
3765,19
3766,14
3767,15
3768,13
3769,7
3770,9
3771,3
3772,1
3773,13
3774,13
3775,10
3776,8
3777,3
3778,6
3779,9
3780,18
3781,8
3782,9
3783,8
3784,18
3785,19
3786,1
3787,18
3788,3
3789,18
3790,14
3791,9
3792,14
3793,18
3794,15
3795,13
3796,5
3797,13
3798,12
3799,13
3800,3
3801,3
3802,15
3803,18
3804,7
3805,13
3806,8
3807,13
3808,17
3809,6
3810,18
3811,12
3812,14
3813,3
3814,6
3815,13
3816,12
3817,4
3818,9
3819,6
3820,15
3821,5
3822,9
3823,3
3824,10
3825,15
3826,1
3827,18
3828,18
3829,14
3830,14
3831,3
3832,12
3833,8
3834,3
3835,19
3836,6
3837,17
3838,18
3839,4
3840,1
3841,12
3842,18
3843,9
3844,1
3845,8
3846,9
3847,8
3848,14
3849,3
3850,19
3851,2
3852,4
3853,9
3854,12
3855,6
3856,14
3857,12
3858,3
3859,18
3860,3
3861,18
3862,19
3863,9
3864,18
3865,1
3866,14
3867,18
3868,2
3869,6
3870,9
3871,18
3872,19
3873,13
3874,19
3875,4
3876,5
3877,18
3878,3
3879,2
3880,8
3881,8
3882,8
3883,2
3884,9
3885,19
3886,9
3887,13
3888,8
3889,6
3890,13
3891,3
3892,8
3893,3
3894,13
3895,2
3896,14
3897,15
3898,11
3899,15
3900,13
3901,19
3902,13
3903,13
3904,1
3905,9
3906,6
3907,15
3908,3
3909,15
3910,13
3911,15
3912,3
3913,15
3914,5
3915,1
3916,6
3917,12
3918,8
3919,18
3920,10
3921,1
3922,2
3923,9
3924,9
3925,14
3926,3
3927,8
3928,6
3929,18
3930,1
3931,6
3932,15
3933,15
3934,19
3935,13
3936,1
3937,9
3938,18
3939,3
3940,4
3941,3
3942,6
3943,7
3944,3
3945,14
3946,8
3947,3
3948,13
3949,12
3950,11
3951,9
3952,4
3953,4
3954,13
3955,9
3956,18
3957,1
3958,13
3959,1
3960,4
3961,13
3962,1
3963,18
3964,16
3965,10
3966,6
3967,8
3968,18
3969,9
3970,19
3971,18
3972,19
3973,11
3974,10
3975,14
3976,5
3977,19
3978,8
3979,4
3980,7
3981,6
3982,3
3983,2
3984,9
3985,15
3986,8
3987,18
3988,9
3989,13
3990,18
3991,17
3992,14
3993,13
3994,3
3995,6
3996,8
3997,13
3998,3
3999,3
4000,14
4001,16
4002,9
4003,4
4004,14
4005,2
4006,13
4007,18
4008,15
4009,17
4010,9
4011,19
4012,14
4013,15
4014,13
4015,8
4016,13
4017,15
4018,9
4019,7
4020,19
4021,14
4022,6
4023,13
4024,4
4025,3
4026,19
4027,14
4028,9
4029,9
4030,12
4031,9
4032,16
4033,4
4034,4
4035,6
4036,19
4037,3
4038,3
4039,8
4040,13
4041,13
4042,18
4043,3
4044,13
4045,13
4046,19
4047,19
4048,3
4049,1
4050,8
4051,3
4052,18
4053,4
4054,19
4055,13
4056,11
4057,7
4058,8
4059,14
4060,4
4061,13
4062,15
4063,12
4064,13
4065,18
4066,10
4067,3
4068,13
4069,19
4070,14
4071,9
4072,13
4073,16
4074,6
4075,12
4076,19
4077,10
4078,1
4079,19
4080,3
4081,10
4082,14
4083,14
4084,18
4085,14
4086,15
4087,19
4088,5
4089,9
4090,11
4091,8
4092,15
4093,8
4094,13
4095,9
4096,3
4097,16
4098,8
4099,9
4100,18
4101,6
4102,10
4103,13
4104,2
4105,3
4106,14
4107,11
4108,14
4109,9
4110,13
4111,12
4112,10
4113,14
4114,15
4115,18
4116,3
4117,9
4118,17
4119,13
4120,13
4121,18
4122,7
4123,15
4124,18
4125,4
4126,11
4127,15
4128,15
4129,13
4130,3
4131,10
4132,17
4133,15
4134,8
4135,9
4136,14
4137,6
4138,14
4139,8
4140,5
4141,9
4142,17
4143,13
4144,3
4145,13
4146,15
4147,8
4148,6
4149,6
4150,9
4151,17
4152,15
4153,3
4154,7
4155,9
4156,3
4157,13
4158,5
4159,13
4160,5
4161,15
4162,19
4163,3
4164,13
4165,17
4166,9
4167,3
4168,15
4169,3
4170,2
4171,9
4172,9
4173,2
4174,8
4175,10
4176,13
4177,15
4178,18
4179,18
4180,18
4181,18
4182,9
4183,18
4184,7
4185,15
4186,2
4187,2
4188,6
4189,14
4190,9
4191,9
4192,13
4193,11
4194,14
4195,6
4196,19
4197,13
4198,13
4199,9
4200,3
4201,15
4202,18
4203,13
4204,9
4205,10
4206,13
4207,9
4208,9
4209,4
4210,12
4211,8
4212,12
4213,17
4214,13
4215,3
4216,4
4217,13
4218,8
4219,7
4220,4
4221,14
4222,8
4223,18
4224,6
4225,9
4226,9
4227,3
4228,18
4229,14
4230,1
4231,17
4232,10
4233,8
4234,18
4235,2
4236,4
4237,9
4238,14
4239,14
4240,8
4241,14
4242,9
4243,14
4244,15
4245,15
4246,3
4247,3
4248,5
4249,17
4250,19
4251,3
4252,12
4253,8
4254,14
4255,14
4256,14
4257,13
4258,15
4259,8
4260,4
4261,17
4262,15
4263,14
4264,12
4265,13
4266,9
4267,18
4268,5
4269,8
4270,9
4271,1
4272,15
4273,5
4274,11
4275,13
4276,5
4277,10
4278,13
4279,15
4280,15
4281,14
4282,18
4283,3
4284,5
4285,9
4286,9
4287,8
4288,10
4289,14
4290,9
4291,15
4292,7
4293,15
4294,3
4295,7
4296,4
4297,13
4298,13
4299,18
4300,15
4301,5
4302,9
4303,11
4304,15
4305,8
4306,9
4307,12
4308,19
4309,9
4310,8
4311,3
4312,18
4313,9
4314,15
4315,13
4316,19
4317,14
4318,8
4319,17
4320,11
4321,3
4322,6
4323,13
4324,18
4325,12
4326,15
4327,4
4328,15
4329,8
4330,17
4331,15
4332,8
4333,10
4334,6
4335,2
4336,17
4337,15
4338,9
4339,19
4340,14
4341,15
4342,14
4343,3
4344,18
4345,6
4346,9
4347,13
4348,3
4349,8
4350,13
4351,5
4352,8
4353,2
4354,8
4355,1
4356,3
4357,13
4358,14
4359,18
4360,16
4361,9
4362,1
4363,13
4364,3
4365,12
4366,15
4367,12
4368,13
4369,11
4370,9
4371,14
4372,18
4373,8
4374,18
4375,9
4376,9
4377,11
4378,6
4379,3
4380,13
4381,4
4382,6
4383,1
4384,17
4385,8
4386,9
4387,12
4388,15
4389,9
4390,13
4391,3
4392,18
4393,1
4394,18
4395,9
4396,15
4397,5
4398,3
4399,10
4400,5
4401,9
4402,11
4403,13
4404,6
4405,9
4406,9
4407,14
4408,11
4409,18
4410,10
4411,6
4412,11
4413,4
4414,15
4415,18
4416,8
4417,3
4418,18
4419,1
4420,14
4421,9
4422,2
4423,8
4424,14
4425,15
4426,9
4427,11
4428,13
4429,10
4430,19
4431,18
4432,2
4433,7
4434,3
4435,8
4436,14
4437,13
4438,12
4439,4
4440,13
4441,16
4442,18
4443,16
4444,13
4445,13
4446,18
4447,13
4448,15
4449,13
4450,11
4451,12
4452,11
4453,13
4454,18
4455,13
4456,15
4457,13
4458,15
4459,14
4460,13
4461,5
4462,15
4463,14
4464,13
4465,9
4466,3
4467,9
4468,3
4469,11
4470,7
4471,18
4472,18
4473,8
4474,16
4475,14
4476,19
4477,8
4478,9
4479,4
4480,15
4481,6
4482,10
4483,8
4484,15
4485,12
4486,8
4487,9
4488,4
4489,1
4490,7
4491,9
4492,9
4493,6
4494,3
4495,14
4496,17
4497,12
4498,18
4499,6
4500,10
4501,9
4502,3
4503,3
4504,15
4505,6
4506,14
4507,9
4508,6
4509,6
4510,9
4511,3
4512,8
4513,17
4514,14
4515,12
4516,11
4517,6
4518,15
4519,9
4520,16
4521,18
4522,8
4523,6
4524,9
4525,14
4526,18
4527,18
4528,3
4529,2
4530,3
4531,8
4532,7
4533,6
4534,2
4535,5
4536,6
4537,4
4538,14
4539,9
4540,9
4541,14
4542,8
4543,15
4544,13
4545,8
4546,3
4547,11
4548,14
4549,6
4550,18
4551,13
4552,10
4553,6
4554,1
4555,15
4556,18
4557,18
4558,9
4559,13
4560,1
4561,18
4562,13
4563,3
4564,18
4565,10
4566,9
4567,3
4568,10
4569,2
4570,14
4571,4
4572,17
4573,14
4574,3
4575,5
4576,10
4577,12
4578,2
4579,18
4580,15
4581,3
4582,15
4583,9
4584,18
4585,11
4586,3
4587,13
4588,19
4589,9
4590,9
4591,3
4592,13
4593,6
4594,10
4595,6
4596,3
4597,4
4598,13
4599,6
4600,12
4601,1
4602,15
4603,16
4604,18
4605,16
4606,13
4607,18
4608,1
4609,14
4610,18
4611,18
4612,10
4613,11
4614,19
4615,14
4616,18
4617,9
4618,18
4619,9
4620,9
4621,13
4622,6
4623,1
4624,13
4625,12
4626,10
4627,14
4628,5
4629,9
4630,3
4631,18
4632,18
4633,3
4634,9
4635,11
4636,3
4637,18
4638,15
4639,5
4640,8
4641,3
4642,13
4643,9
4644,3
4645,18
4646,13
4647,9
4648,2
4649,6
4650,8
4651,15
4652,15
4653,9
4654,8
4655,2
4656,5
4657,16
4658,10
4659,1
4660,17
4661,9
4662,13
4663,18
4664,8
4665,17
4666,13
4667,17
4668,18
4669,12
4670,3
4671,19
4672,9
4673,8
4674,1
4675,4
4676,6
4677,9
4678,13
4679,4
4680,10
4681,5
4682,5
4683,9
4684,15
4685,10
4686,11
4687,7
4688,4
4689,19
4690,13
4691,15
4692,15
4693,6
4694,18
4695,14
4696,15
4697,18
4698,13
4699,8
4700,5
4701,3
4702,13
4703,3
4704,13
4705,13
4706,9
4707,1
4708,14
4709,3
4710,8
4711,14
4712,13
4713,1
4714,10
4715,4
4716,14
4717,11
4718,11
4719,2
4720,14
4721,10
4722,1
4723,12
4724,3
4725,6
4726,4
4727,15
4728,13
4729,4
4730,3
4731,6
4732,17
4733,14
4734,5
4735,18
4736,6
4737,15
4738,9
4739,1
4740,14
4741,3
4742,14
4743,8
4744,8
4745,4
4746,18
4747,12
4748,18
4749,3
4750,5
4751,15
4752,9
4753,7
4754,8
4755,7
4756,13
4757,12
4758,12
4759,1
4760,13
4761,3
4762,6
4763,3
4764,12
4765,8
4766,15
4767,15
4768,11
4769,18
4770,18
4771,14
4772,8
4773,12
4774,7
4775,11
4776,13
4777,14
4778,15
4779,9
4780,13
4781,9
4782,14
4783,15
4784,19
4785,3
4786,18
4787,9
4788,1
4789,6
4790,3
4791,11
4792,1
4793,3
4794,3
4795,18
4796,6
4797,16
4798,3
4799,9
4800,15
4801,19
4802,8
4803,4
4804,15
4805,13
4806,13
4807,19
4808,6
4809,19
4810,3
4811,9
4812,17
4813,7
4814,9
4815,7
4816,8
4817,13
4818,11
4819,13
4820,5
4821,14
4822,18
4823,14
4824,12
4825,12
4826,13
4827,11
4828,4
4829,1
4830,2
4831,4
4832,9
4833,18
4834,15
4835,15
4836,17
4837,10
4838,9
4839,14
4840,14
4841,2
4842,2
4843,7
4844,8
4845,11
4846,9
4847,4
4848,6
4849,16
4850,15
4851,10
4852,7
4853,11
4854,15
4855,10
4856,6
4857,15
4858,6
4859,19
4860,18
4861,13
4862,12
4863,8
4864,14
4865,18
4866,8
4867,14
4868,1
4869,10
4870,15
4871,13
4872,13
4873,14
4874,11
4875,3
4876,7
4877,18
4878,15
4879,6
4880,7
4881,15
4882,8
4883,9
4884,6
4885,3
4886,8
4887,1
4888,19
4889,18
4890,9
4891,8
4892,9
4893,1
4894,13
4895,3
4896,6
4897,15
4898,18
4899,8
4900,18
4901,19
4902,3
4903,18
4904,15
4905,11
4906,13
4907,14
4908,2
4909,9
4910,14
4911,13
4912,8
4913,2
4914,19
4915,1
4916,2
4917,6
4918,6
4919,18
4920,8
4921,15
4922,14
4923,12
4924,8
4925,8
4926,8
4927,10
4928,19
4929,6
4930,9
4931,6
4932,7
4933,12
4934,9
4935,18
4936,9
4937,6
4938,9
4939,8
4940,1
4941,9
4942,13
4943,2
4944,19
4945,18
4946,11
4947,10
4948,12
4949,5
4950,13
4951,6
4952,6
4953,9
4954,3
4955,9
4956,19
4957,9
4958,19
4959,10
4960,13
4961,4
4962,18
4963,6
4964,13
4965,18
4966,11
4967,3
4968,13
4969,15
4970,9
4971,3
4972,15
4973,12
4974,10
4975,9
4976,18
4977,3
4978,3
4979,6
4980,6
4981,13
4982,9
4983,8
4984,6
4985,15
4986,18
4987,18
4988,17
4989,8
4990,19
4991,9
4992,10
4993,11
4994,18
4995,18
4996,9
4997,10
4998,2
4999,18
5000,3
5001,12
5002,18
5003,14
5004,9
5005,3
5006,3
5007,18
5008,1
5009,3
5010,15
5011,4
5012,13
5013,17
5014,19
5015,14
5016,9
5017,14
5018,9
5019,8
5020,13
5021,10
5022,18
5023,4
5024,8
5025,11
5026,15
5027,6
5028,15
5029,18
5030,14
5031,9
5032,15
5033,6
5034,12
5035,13
5036,9
5037,10
5038,14
5039,2
5040,14
5041,8
5042,17
5043,9
5044,12
5045,8
5046,19
5047,15
5048,15
5049,9
5050,13
5051,12
5052,14
5053,14
5054,8
5055,13
5056,18
5057,13
5058,17
5059,9
5060,3
5061,8
5062,12
5063,13
5064,9
5065,18
5066,8
5067,2
5068,8
5069,6
5070,14
5071,2
5072,15
5073,3
5074,15
5075,13
5076,2
5077,13
5078,9
5079,15
5080,8
5081,6
5082,19
5083,12
5084,15
5085,6
5086,10
5087,8
5088,17
5089,4
5090,1
5091,18
5092,11
5093,13
5094,11
5095,2
5096,13
5097,13
5098,4
5099,8
5100,3
5101,9
5102,16
5103,1
5104,15
5105,6
5106,18
5107,14
5108,15
5109,1
5110,13
5111,14
5112,13
5113,13
5114,13
5115,11
5116,19
5117,7
5118,6
5119,8
5120,5
5121,10
5122,14
5123,5
5124,6
5125,6
5126,2
5127,8
5128,4
5129,14
5130,16
5131,14
5132,11
5133,13
5134,15
5135,9
5136,8
5137,19
5138,3
5139,3
5140,8
5141,13
5142,14
5143,2
5144,15
5145,9
5146,9
5147,15
5148,13
5149,15
5150,14
5151,4
5152,7
5153,3
5154,18
5155,8
5156,13
5157,9
5158,18
5159,3
5160,15
5161,3
5162,6
5163,13
5164,18
5165,16
5166,3
5167,13
5168,9
5169,16
5170,19
5171,4
5172,13
5173,4
5174,10
5175,15
5176,2
5177,8
5178,17
5179,13
5180,1
5181,15
5182,4
5183,19
5184,9
5185,13
5186,5
5187,8
5188,9
5189,13
5190,14
5191,13
5192,15
5193,15
5194,3
5195,14
5196,14
5197,13
5198,9
5199,9
5200,18
5201,10
5202,9
5203,11
5204,10
5205,18
5206,8
5207,15
5208,13
5209,14
5210,13
5211,1
5212,1
5213,8
5214,13
5215,6
5216,15
5217,13
5218,5
5219,6
5220,15
5221,15
5222,1
5223,14
5224,16
5225,8
5226,15
5227,3
5228,9
5229,9
5230,9
5231,16
5232,15
5233,3
5234,18
5235,16
5236,1
5237,12
5238,13
5239,13
5240,5
5241,18
5242,10
5243,9
5244,6
5245,13
5246,13
5247,13
5248,5
5249,4
5250,3
5251,14
5252,13
5253,6
5254,18
5255,15
5256,6
5257,7
5258,18
5259,3
5260,9
5261,18
5262,19
5263,8
5264,13
5265,15
5266,5
5267,18
5268,2
5269,19
5270,15
5271,14
5272,6
5273,3
5274,14
5275,7
5276,3
5277,9
5278,3
5279,8
5280,9
5281,14
5282,10
5283,18
5284,6
5285,10
5286,13
5287,8
5288,9
5289,14
5290,10
5291,19
5292,6
5293,19
5294,3
5295,19
5296,3
5297,6
5298,6
5299,15
5300,13
5301,1
5302,14
5303,9
5304,6
5305,14
5306,3
5307,19
5308,3
5309,3
5310,14
5311,15
5312,14
5313,9
5314,4
5315,8
5316,9
5317,12
5318,3
5319,18
5320,4
5321,3
5322,10
5323,6
5324,3
5325,9
5326,2
5327,8
5328,1
5329,12
5330,13
5331,18
5332,15
5333,11
5334,3
5335,13
5336,13
5337,18
5338,13
5339,13
5340,14
5341,14
5342,19
5343,14
5344,14
5345,6
5346,2
5347,15
5348,14
5349,8
5350,3
5351,3
5352,6
5353,3
5354,16
5355,3
5356,3
5357,14
5358,18
5359,13
5360,9
5361,13
5362,18
5363,2
5364,19
5365,9
5366,14
5367,15
5368,1
5369,2
5370,18
5371,3
5372,1
5373,13
5374,6
5375,13
5376,6
5377,9
5378,9
5379,2
5380,18
5381,13
5382,14
5383,15
5384,6
5385,18
5386,9
5387,18
5388,10
5389,13
5390,11
5391,10
5392,11
5393,2
5394,8
5395,16
5396,11
5397,8
5398,9
5399,9
5400,14
5401,18
5402,13
5403,11
5404,3
5405,15
5406,18
5407,15
5408,9
5409,6
5410,14
5411,11
5412,9
5413,18
5414,5
5415,8
5416,4
5417,2
5418,15
5419,9
5420,12
5421,16
5422,13
5423,14
5424,10
5425,9
5426,19
5427,14
5428,3
5429,3
5430,10
5431,8
5432,17
5433,15
5434,5
5435,8
5436,8
5437,14
5438,4
5439,9
5440,8
5441,15
5442,13
5443,5
5444,6
5445,1
5446,3
5447,9
5448,13
5449,8
5450,1
5451,6
5452,2
5453,10
5454,13
5455,8
5456,1
5457,3
5458,13
5459,15
5460,15
5461,15
5462,15
5463,12
5464,8
5465,13
5466,3
5467,13
5468,9
5469,3
5470,9
5471,18
5472,12
5473,9
5474,13
5475,15
5476,15
5477,15
5478,15
5479,18
5480,19
5481,13
5482,10
5483,18
5484,6
5485,1
5486,8
5487,9
5488,9
5489,18
5490,13
5491,7
5492,9
5493,9
5494,2
5495,7
5496,6
5497,19
5498,5
5499,9
5500,9
5501,3
5502,10
5503,11
5504,8
5505,19
5506,8
5507,15
5508,2
5509,14
5510,17
5511,15
5512,6
5513,9
5514,3
5515,1
5516,2
5517,10
5518,3
5519,14
5520,18
5521,15
5522,9
5523,6
5524,12
5525,15
5526,14
5527,2
5528,18
5529,14
5530,7
5531,9
5532,3
5533,8
5534,5
5535,18
5536,6
5537,10
5538,9
5539,11
5540,2
5541,15
5542,17
5543,6
5544,11
5545,17
5546,19
5547,17
5548,10
5549,15
5550,19
5551,9
5552,15
5553,8
5554,15
5555,9
5556,18
5557,6
5558,18
5559,9
5560,8
5561,7
5562,9
5563,8
5564,12
5565,18
5566,10
5567,6
5568,1
5569,14
5570,1
5571,5
5572,3
5573,6
5574,14
5575,11
5576,8
5577,15
5578,8
5579,18
5580,10
5581,9
5582,18
5583,15
5584,14
5585,4
5586,18
5587,1
5588,15
5589,8
5590,10
5591,10
5592,18
5593,3
5594,9
5595,6
5596,13
5597,13
5598,9
5599,3
5600,17
5601,6
5602,14
5603,12
5604,4
5605,14
5606,14
5607,18
5608,3
5609,2
5610,12
5611,14
5612,2
5613,6
5614,5
5615,18
5616,2
5617,6
5618,18
5619,15
5620,16
5621,1
5622,13
5623,15
5624,6
5625,3
5626,19
5627,12
5628,3
5629,6
5630,1
5631,9
5632,9
5633,6
5634,16
5635,3
5636,13
5637,16
5638,17
5639,2
5640,18
5641,9
5642,14
5643,13
5644,10
5645,6
5646,15
5647,8
5648,19
5649,4
5650,9
5651,9
5652,11
5653,6
5654,6
5655,6
5656,13
5657,2
5658,9
5659,12
5660,9
5661,10
5662,11
5663,9
5664,19
5665,1
5666,17
5667,3
5668,5
5669,3
5670,14
5671,12
5672,15
5673,19
5674,16
5675,3
5676,15
5677,7
5678,8
5679,3
5680,12
5681,8
5682,3
5683,6
5684,11
5685,11
5686,15
5687,11
5688,17
5689,15
5690,13
5691,18
5692,14
5693,14
5694,15
5695,2
5696,6
5697,12
5698,6
5699,12
5700,5
5701,13
5702,14
5703,3
5704,13
5705,8
5706,3
5707,15
5708,3
5709,11
5710,9
5711,10
5712,15
5713,13
5714,6
5715,8
5716,18
5717,12
5718,6
5719,14
5720,6
5721,13
5722,9
5723,9
5724,15
5725,6
5726,8
5727,9
5728,7
5729,14
5730,13
5731,4
5732,17
5733,13
5734,6
5735,9
5736,11
5737,17
5738,19
5739,15
5740,7
5741,3
5742,3
5743,18
5744,15
5745,13
5746,1
5747,9
5748,15
5749,1
5750,15
5751,8
5752,14
5753,2
5754,5
5755,3
5756,11
5757,9
5758,3
5759,14
5760,4
5761,13
5762,13
5763,1
5764,14
5765,4
5766,19
5767,8
5768,15
5769,2
5770,6
5771,1
5772,13
5773,14
5774,15
5775,8
5776,13
5777,12
5778,13
5779,4
5780,3
5781,6
5782,10
5783,9
5784,16
5785,14
5786,4
5787,1
5788,15
5789,13
5790,5
5791,18
5792,6
5793,9
5794,13
5795,14
5796,18
5797,8
5798,10
5799,6
5800,18
5801,19
5802,9
5803,6
5804,13
5805,3
5806,6
5807,9
5808,15
5809,16
5810,15
5811,13
5812,18
5813,13
5814,3
5815,14
5816,12
5817,18
5818,17
5819,14
5820,15
5821,11
5822,18
5823,17
5824,3
5825,15
5826,9
5827,3
5828,17
5829,1
5830,8
5831,15
5832,11
5833,11
5834,3
5835,15
5836,6
5837,19
5838,4
5839,18
5840,3
5841,9
5842,6
5843,13
5844,14
5845,13
5846,8
5847,14
5848,5
5849,3
5850,17
5851,17
5852,14
5853,7
5854,7
5855,2
5856,18
5857,13
5858,8
5859,9
5860,3
5861,5
5862,6
5863,13
5864,12
5865,6
5866,6
5867,9
5868,9
5869,3
5870,19
5871,3
5872,3
5873,15
5874,15
5875,8
5876,9
5877,17
5878,14
5879,14
5880,8
5881,4
5882,8
5883,15
5884,6
5885,14
5886,8
5887,18
5888,13
5889,10
5890,6
5891,13
5892,6
5893,12
5894,2
5895,12
5896,8
5897,8
5898,1
5899,10
5900,19
5901,1
5902,8
5903,14
5904,3
5905,6
5906,6
5907,9
5908,15
5909,19
5910,12
5911,6
5912,9
5913,3
5914,8
5915,18
5916,1
5917,13
5918,6
5919,3
5920,17
5921,3
5922,8
5923,6
5924,12
5925,9
5926,3
5927,18
5928,15
5929,6
5930,8
5931,18
5932,3
5933,1
5934,1
5935,18
5936,3
5937,12
5938,13
5939,7
5940,13
5941,11
5942,19
5943,10
5944,7
5945,3
5946,1
5947,12
5948,18
5949,13
5950,14
5951,2
5952,10
5953,13
5954,11
5955,3
5956,12
5957,8
5958,15
5959,16
5960,13
5961,19
5962,13
5963,15
5964,9
5965,17
5966,18
5967,7
5968,13
5969,18
5970,18
5971,18
5972,12
5973,5
5974,6
5975,9
5976,15
5977,9
5978,6
5979,12
5980,18
5981,18
5982,3
5983,13
5984,8
5985,5
5986,8
5987,17
5988,19
5989,10
5990,3
5991,17
5992,13
5993,4
5994,6
5995,17
5996,12
5997,8
5998,15
5999,8
6000,3
6001,15
6002,8
6003,15
6004,18
6005,4
6006,9
6007,4
6008,14
6009,9
6010,12
6011,3
6012,13
6013,14
6014,14
6015,13
6016,15
6017,9
6018,16
6019,13
6020,11
6021,9
6022,3
6023,1
6024,10
6025,14
6026,15
6027,8
6028,6
6029,13
6030,13
6031,16
6032,6
6033,2
6034,12
6035,8
6036,9
6037,2
6038,6
6039,15
6040,5
6041,9
6042,3
6043,6
6044,1
6045,1
6046,15
6047,13
6048,4
6049,14
6050,12
6051,6
6052,19
6053,5
6054,3
6055,14
6056,8
6057,13
6058,2
6059,15
6060,9
6061,3
6062,9
6063,18
6064,8
6065,8
6066,19
6067,13
6068,3
6069,14
6070,3
6071,13
6072,11
6073,6
6074,18
6075,8
6076,13
6077,9
6078,4
6079,18
6080,14
6081,13
6082,7
6083,2
6084,19
6085,1
6086,8
6087,14
6088,15
6089,18
6090,8
6091,15
6092,12
6093,19
6094,9
6095,11
6096,13
6097,15
6098,9
6099,4
6100,18
6101,15
6102,8
6103,4
6104,11
6105,1
6106,15
6107,13
6108,8
6109,9
6110,5
6111,15
6112,13
6113,5
6114,14
6115,3
6116,19
6117,7
6118,5
6119,8
6120,4
6121,10
6122,6
6123,2
6124,18
6125,4
6126,15
6127,11
6128,10
6129,16
6130,2
6131,8
6132,8
6133,15
6134,19
6135,1
6136,13
6137,10
6138,13
6139,6
6140,12
6141,3
6142,5
6143,1
6144,15
6145,9
6146,16
6147,8
6148,6
6149,12
6150,12
6151,11
6152,6
6153,13
6154,13
6155,6
6156,3
6157,18
6158,9
6159,3
6160,9
6161,10
6162,13
6163,6
6164,15
6165,14
6166,13
6167,18
6168,1
6169,2
6170,13
6171,4
6172,15
6173,4
6174,9
6175,7
6176,9
6177,13
6178,9
6179,17
6180,15
6181,6
6182,17
6183,7
6184,1
6185,15
6186,18
6187,8
6188,19
6189,16
6190,15
6191,15
6192,14
6193,2
6194,2
6195,6
6196,9
6197,7
6198,13
6199,3
6200,8
6201,4
6202,4
6203,13
6204,14
6205,8
6206,17
6207,11
6208,6
6209,12
6210,8
6211,14
6212,12
6213,11
6214,1
6215,12
6216,13
6217,13
6218,9
6219,18
6220,6
6221,10
6222,9
6223,14
6224,15
6225,15
6226,3
6227,19
6228,6
6229,7
6230,16
6231,18
6232,12
6233,3
6234,18
6235,13
6236,9
6237,3
6238,3
6239,13
6240,16
6241,14
6242,3
6243,7
6244,15
6245,18
6246,15
6247,18
6248,6
6249,15
6250,14
6251,5
6252,14
6253,18
6254,10
6255,2
6256,13
6257,18
6258,15
6259,5
6260,17
6261,6
6262,8
6263,8
6264,4
6265,13
6266,9
6267,8
6268,17
6269,13
6270,13
6271,15
6272,18
6273,4
6274,9
6275,13
6276,12
6277,18
6278,5
6279,6
6280,3
6281,3
6282,7
6283,2
6284,13
6285,18
6286,9
6287,14
6288,8
6289,6
6290,10
6291,10
6292,9
6293,9
6294,4
6295,12
6296,14
6297,15
6298,17
6299,4
6300,3
6301,9
6302,15
6303,7
6304,6
6305,3
6306,15
6307,12
6308,14
6309,3
6310,11
6311,14
6312,15
6313,18
6314,19
6315,18
6316,4
6317,18
6318,3
6319,3
6320,1
6321,13
6322,11
6323,18
6324,8
6325,6
6326,3
6327,14
6328,15
6329,5
6330,13
6331,8
6332,10
6333,7
6334,10
6335,3
6336,14
6337,15
6338,17
6339,9
6340,2
6341,9
6342,3
6343,8
6344,13
6345,14
6346,8
6347,13
6348,3
6349,4
6350,15
6351,8
6352,15
6353,6
6354,16
6355,8
6356,15
6357,9
6358,13
6359,18
6360,15
6361,9
6362,18
6363,17
6364,14
6365,17
6366,3
6367,3
6368,15
6369,9
6370,12
6371,6
6372,19
6373,9
6374,8
6375,16
6376,13
6377,1
6378,6
6379,12
6380,2
6381,13
6382,8
6383,13
6384,18
6385,13
6386,18
6387,9
6388,19
6389,19
6390,12
6391,15
6392,18
6393,15
6394,15
6395,13
6396,6
6397,14
6398,6
6399,15
6400,4
6401,15
6402,14
6403,13
6404,4
6405,8
6406,5
6407,13
6408,16
6409,8
6410,3
6411,8
6412,15
6413,1
6414,18
6415,6
6416,10
6417,5
6418,19
6419,7
6420,9
6421,14
6422,18
6423,14
6424,18
6425,13
6426,8
6427,6
6428,13
6429,3
6430,9
6431,1
6432,4
6433,18
6434,17
6435,8
6436,7
6437,2
6438,13
6439,5
6440,3
6441,18
6442,13
6443,19
6444,18
6445,13
6446,8
6447,13
6448,3
6449,16
6450,10
6451,11
6452,6
6453,13
6454,14
6455,10
6456,15
6457,12
6458,10
6459,3
6460,18
6461,15
6462,3
6463,8
6464,10
6465,6
6466,14
6467,18
6468,19
6469,8
6470,18
6471,11
6472,18
6473,2
6474,13
6475,6
6476,15
6477,13
6478,9
6479,8
6480,14
6481,13
6482,2
6483,18
6484,5
6485,15
6486,9
6487,9
6488,5
6489,8
6490,8
6491,3
6492,11
6493,14
6494,14
6495,8
6496,6
6497,12
6498,13
6499,10
6500,5
6501,13
6502,9
6503,19
6504,13
6505,9
6506,6
6507,13
6508,13
6509,13
6510,18
6511,18
6512,17
6513,6
6514,13
6515,8
6516,2
6517,9
6518,8
6519,15
6520,6
6521,8
6522,2
6523,4
6524,9
6525,14
6526,7
6527,12
6528,18
6529,18
6530,15
6531,3
6532,13
6533,18
6534,9
6535,15
6536,3
6537,15
6538,14
6539,18
6540,14
6541,2
6542,15
6543,10
6544,10
6545,18
6546,10
6547,17
6548,12
6549,3
6550,6
6551,3
6552,18
6553,3
6554,15
6555,9
6556,9
6557,14
6558,11
6559,19
6560,11
6561,10
6562,3
6563,6
6564,18
6565,9
6566,14
6567,18
6568,7
6569,19
6570,18
6571,3
6572,13
6573,17
6574,8
6575,15
6576,8
6577,17
6578,18
6579,15
6580,2
6581,4
6582,10
6583,14
6584,6
6585,18
6586,9
6587,5
6588,8
6589,18
6590,8
6591,12
6592,14
6593,7
6594,2
6595,1
6596,15
6597,14
6598,13
6599,7
6600,10
6601,13
6602,17
6603,19
6604,6
6605,4
6606,9
6607,8
6608,1
6609,6
6610,9
6611,3
6612,9
6613,6
6614,18
6615,13
6616,18
6617,19
6618,6
6619,1
6620,13
6621,7
6622,14
6623,13
6624,8
6625,15
6626,11
6627,13
6628,5
6629,10
6630,18
6631,5
6632,8
6633,15
6634,8
6635,9
6636,14
6637,17
6638,18
6639,8
6640,3
6641,8
6642,14
6643,13
6644,8
6645,14
6646,3
6647,6
6648,3
6649,14
6650,18
6651,13
6652,9
6653,11
6654,14
6655,13
6656,15
6657,10
6658,8
6659,5
6660,13
6661,18
6662,8
6663,15
6664,9
6665,8
6666,13
6667,13
6668,13
6669,12
6670,5
6671,8
6672,7
6673,15
6674,3
6675,13
6676,17
6677,18
6678,1
6679,13
6680,13
6681,6
6682,19
6683,18
6684,17
6685,8
6686,15
6687,14
6688,11
6689,6
6690,14
6691,12
6692,2
6693,15
6694,6
6695,15
6696,4
6697,15
6698,12
6699,10
6700,16
6701,3
6702,3
6703,15
6704,12
6705,18
6706,13
6707,8
6708,7
6709,14
6710,9
6711,2
6712,15
6713,18
6714,2
6715,18
6716,13
6717,18
6718,9
6719,10
6720,18
6721,15
6722,15
6723,3
6724,8
6725,13
6726,13
6727,4
6728,13
6729,13
6730,15
6731,14
6732,15
6733,18
6734,8
6735,15
6736,19
6737,14
6738,9
6739,13
6740,3
6741,13
6742,18
6743,13
6744,6
6745,6
6746,19
6747,10
6748,7
6749,14
6750,8
6751,14
6752,4
6753,14
6754,9
6755,14
6756,18
6757,2
6758,19
6759,17
6760,6
6761,4
6762,3
6763,14
6764,7
6765,6
6766,13
6767,9
6768,9
6769,9
6770,6
6771,8
6772,10
6773,8
6774,11
6775,8
6776,15
6777,2
6778,14
6779,13
6780,1
6781,13
6782,9
6783,8
6784,18
6785,8
6786,13
6787,6
6788,3
6789,6
6790,17
6791,14
6792,8
6793,6
6794,6
6795,12
6796,17
6797,1
6798,10
6799,14
6800,2
6801,15
6802,8
6803,3
6804,4
6805,6
6806,10
6807,15
6808,13
6809,8
6810,5
6811,15
6812,9
6813,15
6814,9
6815,3
6816,4
6817,8
6818,3
6819,12
6820,5
6821,9
6822,5
6823,5
6824,8
6825,18
6826,8
6827,12
6828,19
6829,13
6830,4
6831,5
6832,12
6833,6
6834,9
6835,6
6836,18
6837,19
6838,19
6839,9
6840,2
6841,9
6842,1
6843,1
6844,9
6845,8
6846,15
6847,11
6848,3
6849,15
6850,9
6851,6
6852,12
6853,9
6854,18
6855,13
6856,9
6857,19
6858,14
6859,5
6860,6
6861,8
6862,14
6863,17
6864,10
6865,5
6866,8
6867,9
6868,11
6869,6
6870,7
6871,9
6872,2
6873,8
6874,6
6875,8
6876,8
6877,2
6878,8
6879,13
6880,15
6881,1
6882,8
6883,9
6884,13
6885,12
6886,1
6887,11
6888,8
6889,13
6890,19
6891,3
6892,15
6893,15
6894,9
6895,3
6896,3
6897,19
6898,3
6899,9
6900,9
6901,18
6902,14
6903,3
6904,13
6905,18
6906,10
6907,11
6908,3
6909,9
6910,3
6911,12
6912,9
6913,8
6914,6
6915,14
6916,2
6917,13
6918,15
6919,9
6920,10
6921,16
6922,13
6923,13
6924,14
6925,8
6926,9
6927,3
6928,9
6929,3
6930,6
6931,9
6932,18
6933,8
6934,4
6935,6
6936,19
6937,18
6938,8
6939,13
6940,8
6941,14
6942,14
6943,9
6944,14
6945,3
6946,1
6947,3
6948,14
6949,8
6950,6
6951,15
6952,8
6953,6
6954,14
6955,10
6956,1
6957,14
6958,14
6959,15
6960,13
6961,6
6962,13
6963,8
6964,9
6965,4
6966,14
6967,3
6968,15
6969,13
6970,3
6971,15
6972,8
6973,14
6974,8
6975,13
6976,6
6977,3
6978,19
6979,16
6980,13
6981,9
6982,9
6983,7
6984,9
6985,13
6986,4
6987,9
6988,1
6989,15
6990,3
6991,18
6992,1
6993,1
6994,15
6995,8
6996,15
6997,16
6998,18
6999,9
7000,13
7001,12
7002,9
7003,8
7004,14
7005,7
7006,4
7007,3
7008,3
7009,19
7010,18
7011,16
7012,13
7013,12
7014,14
7015,9
7016,15
7017,3
7018,17
7019,11
7020,13
7021,3
7022,3
7023,19
7024,5
7025,6
7026,8
7027,6
7028,13
7029,3
7030,12
7031,5
7032,9
7033,2
7034,10
7035,8
7036,2
7037,15
7038,14
7039,8
7040,10
7041,6
7042,15
7043,4
7044,13
7045,13
7046,16
7047,7
7048,9
7049,4
7050,3
7051,6
7052,3
7053,9
7054,7
7055,8
7056,7
7057,8
7058,2
7059,6
7060,13
7061,18
7062,14
7063,15
7064,9
7065,9
7066,9
7067,10
7068,15
7069,13
7070,9
7071,8
7072,17
7073,6
7074,12
7075,8
7076,6
7077,8
7078,12
7079,18
7080,6
7081,15
7082,15
7083,11
7084,14
7085,10
7086,15
7087,10
7088,8
7089,2
7090,8
7091,7
7092,17
7093,18
7094,9
7095,9
7096,15
7097,15
7098,14
7099,1
7100,9
7101,8
7102,18
7103,18
7104,19
7105,6
7106,4
7107,17
7108,3
7109,9
7110,18
7111,15
7112,11
7113,10
7114,18
7115,3
7116,12
7117,14
7118,3
7119,8
7120,18
7121,13
7122,13
7123,9
7124,14
7125,3
7126,19
7127,9
7128,8
7129,8
7130,13
7131,18
7132,6
7133,4
7134,3
7135,13
7136,7
7137,6
7138,15
7139,14
7140,9
7141,3
7142,8
7143,13
7144,3
7145,6
7146,9
7147,6
7148,3
7149,16
7150,8
7151,9
7152,9
7153,14
7154,11
7155,13
7156,10
7157,11
7158,3
7159,13
7160,8
7161,3
7162,15
7163,14
7164,18
7165,15
7166,6
7167,8
7168,15
7169,1
7170,1
7171,6
7172,10
7173,6
7174,13
7175,3
7176,13
7177,9
7178,6
7179,13
7180,5
7181,4
7182,13
7183,9
7184,8
7185,15
7186,10
7187,6
7188,8
7189,13
7190,14
7191,19
7192,1
7193,15
7194,4
7195,17
7196,5
7197,15
7198,18
7199,3
7200,17
7201,9
7202,6
7203,6
7204,15
7205,8
7206,4
7207,4
7208,9
7209,3
7210,15
7211,14
7212,11
7213,8
7214,13
7215,8
7216,14
7217,13
7218,4
7219,9
7220,5
7221,9
7222,6
7223,15
7224,6
7225,15
7226,13
7227,3
7228,11
7229,18
7230,12
7231,17
7232,10
7233,14
7234,5
7235,13
7236,18
7237,9
7238,9
7239,8
7240,6
7241,18
7242,7
7243,15
7244,11
7245,9
7246,7
7247,15
7248,10
7249,9
7250,8
7251,8
7252,19
7253,15
7254,9
7255,9
7256,6
7257,13
7258,18
7259,7
7260,10
7261,6
7262,6
7263,19
7264,9
7265,16
7266,4
7267,10
7268,2
7269,1
7270,10
7271,13
7272,13
7273,6
7274,4
7275,8
7276,10
7277,7
7278,6
7279,9
7280,3
7281,11
7282,3
7283,19
7284,18
7285,18
7286,14
7287,1
7288,6
7289,9
7290,6
7291,3
7292,8
7293,16
7294,13
7295,9
7296,3
7297,8
7298,13
7299,6
7300,14
7301,10
7302,19
7303,1
7304,19
7305,4
7306,13
7307,9
7308,14
7309,2
7310,3
7311,13
7312,15
7313,9
7314,10
7315,9
7316,11
7317,8
7318,8
7319,8
7320,9
7321,18
7322,8
7323,13
7324,8
7325,18
7326,3
7327,7
7328,13
7329,13
7330,14
7331,4
7332,18
7333,8
7334,6
7335,18
7336,3
7337,6
7338,14
7339,5
7340,8
7341,8
7342,18
7343,13
7344,14
7345,3
7346,8
7347,1
7348,9
7349,5
7350,2
7351,4
7352,4
7353,12
7354,7
7355,13
7356,9
7357,4
7358,6
7359,12
7360,4
7361,8
7362,8
7363,10
7364,3
7365,18
7366,12
7367,17
7368,18
7369,14
7370,6
7371,8
7372,6
7373,13
7374,13
7375,14
7376,7
7377,18
7378,14
7379,6
7380,16
7381,10
7382,14
7383,9
7384,13
7385,7
7386,12
7387,13
7388,8
7389,15
7390,8
7391,9
7392,9
7393,11
7394,18
7395,6
7396,17
7397,18
7398,9
7399,18
7400,9
7401,7
7402,7
7403,14
7404,13
7405,18
7406,13
7407,14
7408,11
7409,13
7410,13
7411,9
7412,8
7413,16
7414,3
7415,6
7416,17
7417,8
7418,6
7419,3
7420,5
7421,3
7422,10
7423,6
7424,14
7425,19
7426,19
7427,8
7428,10
7429,6
7430,8
7431,9
7432,11
7433,19
7434,12
7435,12
7436,13
7437,3
7438,13
7439,1
7440,14
7441,15
7442,1
7443,19
7444,14
7445,9
7446,13
7447,15
7448,6
7449,7
7450,19
7451,4
7452,12
7453,8
7454,3
7455,6
7456,3
7457,18
7458,11
7459,9
7460,1
7461,9
7462,1
7463,5
7464,8
7465,13
7466,8
7467,15
7468,3
7469,6
7470,3
7471,8
7472,9
7473,18
7474,15
7475,3
7476,13
7477,14
7478,19
7479,1
7480,4
7481,2
7482,9
7483,2
7484,1
7485,4
7486,9
7487,14
7488,17
7489,14
7490,14
7491,11
7492,10
7493,15
7494,15
7495,2
7496,13
7497,3
7498,3
7499,13
7500,3
7501,19
7502,14
7503,19
7504,14
7505,3
7506,14
7507,7
7508,19
7509,9
7510,18
7511,13
7512,9
7513,14
7514,18
7515,12
7516,1
7517,8
7518,3
7519,3
7520,6
7521,11
7522,3
7523,4
7524,8
7525,9
7526,13
7527,2
7528,9
7529,13
7530,2
7531,17
7532,15
7533,1
7534,13
7535,13
7536,14
7537,15
7538,10
7539,3
7540,11
7541,10
7542,5
7543,15
7544,15
7545,7
7546,13
7547,16
7548,9
7549,5
7550,8
7551,18
7552,8
7553,19
7554,2
7555,15
7556,4
7557,4
7558,14
7559,10
7560,8
7561,2
7562,16
7563,18
7564,2
7565,4
7566,14
7567,9
7568,18
7569,9
7570,16
7571,9
7572,3
7573,11
7574,13
7575,6
7576,14
7577,5
7578,8
7579,11
7580,15
7581,18
7582,7
7583,16
7584,8
7585,3
7586,14
7587,11
7588,4
7589,1
7590,8
7591,15
7592,8
7593,2
7594,8
7595,3
7596,10
7597,11
7598,12
7599,12
7600,19
7601,3
7602,19
7603,2
7604,6
7605,15
7606,1
7607,18
7608,4
7609,13
7610,14
7611,11
7612,13
7613,11
7614,14
7615,3
7616,13
7617,14
7618,11
7619,15
7620,1
7621,8
7622,13
7623,3
7624,15
7625,18
7626,19
7627,9
7628,7
7629,10
7630,13
7631,5
7632,13
7633,15
7634,10
7635,7
7636,13
7637,9
7638,9
7639,4
7640,18
7641,6
7642,15
7643,14
7644,6
7645,17
7646,8
7647,15
7648,8
7649,15
7650,8
7651,3
7652,13
7653,9
7654,6
7655,3
7656,3
7657,12
7658,13
7659,11
7660,19
7661,13
7662,7
7663,19
7664,9
7665,14
7666,1
7667,13
7668,4
7669,15
7670,8
7671,18
7672,1
7673,15
7674,1
7675,18
7676,2
7677,6
7678,2
7679,4
7680,5
7681,5
7682,13
7683,8
7684,13
7685,9
7686,2
7687,17
7688,17
7689,9
7690,18
7691,15
7692,18
7693,16
7694,6
7695,19
7696,18
7697,18
7698,8
7699,4
7700,18
7701,9
7702,18
7703,2
7704,15
7705,8
7706,10
7707,11
7708,12
7709,13
7710,17
7711,9
7712,6
7713,13
7714,3
7715,12
7716,9
7717,3
7718,3
7719,15
7720,16
7721,14
7722,19
7723,3
7724,9
7725,9
7726,8
7727,9
7728,9
7729,18
7730,8
7731,16
7732,2
7733,11
7734,13
7735,3
7736,15
7737,1
7738,4
7739,13
7740,15
7741,3
7742,12
7743,18
7744,12
7745,9
7746,6
7747,9
7748,3
7749,3
7750,9
7751,9
7752,3
7753,7
7754,12
7755,19
7756,15
7757,10
7758,6
7759,14
7760,14
7761,18
7762,17
7763,14
7764,2
7765,10
7766,10
7767,11
7768,17
7769,9
7770,14
7771,4
7772,15
7773,3
7774,3
7775,7
7776,10
7777,13
7778,2
7779,9
7780,9
7781,14
7782,12
7783,2
7784,13
7785,15
7786,15
7787,11
7788,2
7789,8
7790,15
7791,8
7792,12
7793,6
7794,10
7795,6
7796,15
7797,19
7798,6
7799,18
7800,15
7801,9
7802,13
7803,13
7804,6
7805,4
7806,1
7807,2
7808,8
7809,8
7810,9
7811,3
7812,6
7813,3
7814,12
7815,12
7816,2
7817,16
7818,9
7819,14
7820,9
7821,18
7822,13
7823,13
7824,10
7825,3
7826,17
7827,9
7828,8
7829,13
7830,13
7831,8
7832,6
7833,14
7834,14
7835,13
7836,13
7837,14
7838,7
7839,14
7840,4
7841,13
7842,6
7843,10
7844,13
7845,14
7846,18
7847,15
7848,9
7849,9
7850,16
7851,13
7852,7
7853,12
7854,2
7855,3
7856,15
7857,4
7858,8
7859,4
7860,18
7861,1
7862,18
7863,4
7864,6
7865,2
7866,15
7867,8
7868,13
7869,1
7870,8
7871,19
7872,13
7873,1
7874,3
7875,14
7876,17
7877,9
7878,6
7879,6
7880,1
7881,18
7882,3
7883,10
7884,18
7885,6
7886,3
7887,5
7888,15
7889,19
7890,14
7891,15
7892,14
7893,5
7894,13
7895,9
7896,6
7897,6
7898,11
7899,19
7900,6
7901,19
7902,18
7903,13
7904,6
7905,3
7906,8
7907,6
7908,13
7909,3
7910,4
7911,8
7912,15
7913,6
7914,13
7915,15
7916,12
7917,18
7918,9
7919,17
7920,18
7921,9
7922,18
7923,7
7924,14
7925,3
7926,4
7927,2
7928,8
7929,18
7930,2
7931,10
7932,9
7933,19
7934,9
7935,3
7936,8
7937,8
7938,17
7939,10
7940,13
7941,18
7942,6
7943,13
7944,1
7945,9
7946,18
7947,19
7948,13
7949,13
7950,15
7951,13
7952,13
7953,9
7954,13
7955,13
7956,15
7957,13
7958,14
7959,6
7960,6
7961,8
7962,9
7963,8
7964,10
7965,7
7966,5
7967,14
7968,18
7969,8
7970,3
7971,15
7972,3
7973,9
7974,9
7975,8
7976,8
7977,11
7978,6
7979,13
7980,15
7981,9
7982,8
7983,14
7984,14
7985,2
7986,13
7987,14
7988,18
7989,3
7990,8
7991,6
7992,9
7993,15
7994,10
7995,10
7996,14
7997,4
7998,14
7999,14
8000,19
8001,8
8002,15
8003,13
8004,13
8005,15
8006,4
8007,18
8008,15
8009,1
8010,14
8011,18
8012,1
8013,14
8014,6
8015,2
8016,9
8017,3
8018,3
8019,19
8020,9
8021,15
8022,3
8023,9
8024,18
8025,15
8026,15
8027,3
8028,15
8029,16
8030,4
8031,14
8032,7
8033,3
8034,13
8035,3
8036,18
8037,9
8038,17
8039,18
8040,6
8041,9
8042,10
8043,6
8044,10
8045,9
8046,18
8047,8
8048,18
8049,15
8050,7
8051,4
8052,7
8053,8
8054,1
8055,18
8056,15
8057,13
8058,13
8059,11
8060,14
8061,12
8062,8
8063,7
8064,8
8065,18
8066,9
8067,4
8068,3
8069,8
8070,13
8071,3
8072,3
8073,14
8074,2
8075,7
8076,9
8077,19
8078,18
8079,3
8080,13
8081,5
8082,7
8083,8
8084,16
8085,3
8086,13
8087,14
8088,18
8089,2
8090,18
8091,9
8092,8
8093,3
8094,9
8095,2
8096,7
8097,6
8098,15
8099,18
8100,14
8101,15
8102,9
8103,15
8104,1
8105,13
8106,14
8107,13
8108,4
8109,14
8110,3
8111,10
8112,9
8113,16
8114,4
8115,18
8116,4
8117,13
8118,19
8119,3
8120,19
8121,7
8122,3
8123,11
8124,3
8125,6
8126,11
8127,1
8128,3
8129,14
8130,19
8131,15
8132,15
8133,6
8134,15
8135,18
8136,15
8137,18
8138,17
8139,7
8140,6
8141,3
8142,13
8143,16
8144,15
8145,6
8146,10
8147,3
8148,3
8149,9
8150,14
8151,12
8152,13
8153,4
8154,13
8155,13
8156,13
8157,15
8158,16
8159,10
8160,14
8161,4
8162,15
8163,15
8164,2
8165,18
8166,8
8167,18
8168,8
8169,18
8170,9
8171,9
8172,2
8173,9
8174,13
8175,13
8176,8
8177,8
8178,16
8179,18
8180,13
8181,17
8182,12
8183,2
8184,10
8185,9
8186,15
8187,7
8188,3
8189,5
8190,18
8191,11
8192,1
8193,7
8194,14
8195,6
8196,14
8197,8
8198,9
8199,4
8200,13
8201,9
8202,2
8203,9
8204,13
8205,11
8206,14
8207,9
8208,13
8209,16
8210,1
8211,8
8212,15
8213,12
8214,16
8215,14
8216,18
8217,6
8218,1
8219,14
8220,15
8221,17
8222,9
8223,9
8224,12
8225,15
8226,18
8227,14
8228,13
8229,6
8230,9
8231,9
8232,1
8233,10
8234,6
8235,13
8236,5
8237,8
8238,1
8239,19
8240,11
8241,11
8242,13
8243,6
8244,9
8245,14
8246,8
8247,9
8248,7
8249,17
8250,18
8251,8
8252,8
8253,6
8254,14
8255,6
8256,8
8257,8
8258,15
8259,6
8260,1
8261,14
8262,7
8263,4
8264,1
8265,8
8266,2
8267,11
8268,13
8269,14
8270,14
8271,13
8272,3
8273,13
8274,12
8275,18
8276,6
8277,15
8278,16
8279,6
8280,14
8281,6
8282,4
8283,2
8284,13
8285,14
8286,10
8287,3
8288,9
8289,18
8290,9
8291,17
8292,19
8293,18
8294,8
8295,13
8296,3
8297,12
8298,13
8299,3
8300,14
8301,12
8302,14
8303,6
8304,6
8305,10
8306,18
8307,9
8308,15
8309,18
8310,4
8311,9
8312,14
8313,8
8314,17
8315,10
8316,6
8317,9
8318,19
8319,10
8320,8
8321,5
8322,7
8323,12
8324,18
8325,18
8326,12
8327,6
8328,18
8329,13
8330,3
8331,4
8332,10
8333,10
8334,9
8335,14
8336,15
8337,5
8338,15
8339,3
8340,15
8341,16
8342,6
8343,15
8344,18
8345,13
8346,14
8347,9
8348,14
8349,18
8350,4
8351,3
8352,2
8353,18
8354,3
8355,19
8356,8
8357,9
8358,10
8359,19
8360,9
8361,13
8362,10
8363,18
8364,15
8365,19
8366,15
8367,1
8368,8
8369,7
8370,18
8371,1
8372,7
8373,15
8374,15
8375,15
8376,9
8377,13
8378,18
8379,18
8380,13
8381,4
8382,3
8383,15
8384,8
8385,2
8386,7
8387,13
8388,13
8389,4
8390,9
8391,6
8392,6
8393,1
8394,8
8395,14
8396,14
8397,4
8398,6
8399,7
8400,3
8401,11
8402,3
8403,18
8404,18
8405,19
8406,7
8407,9
8408,1
8409,13
8410,14
8411,15
8412,14
8413,9
8414,8
8415,13
8416,5
8417,8
8418,13
8419,15
8420,9
8421,18
8422,10
8423,6
8424,13
8425,9
8426,3
8427,4
8428,14
8429,1
8430,10
8431,15
8432,6
8433,18
8434,5
8435,4
8436,15
8437,15
8438,17
8439,9
8440,13
8441,12
8442,6
8443,18
8444,13
8445,19
8446,3
8447,18
8448,8
8449,10
8450,11
8451,18
8452,17
8453,10
8454,5
8455,10
8456,5
8457,6
8458,5
8459,6
8460,15
8461,11
8462,7
8463,9
8464,14
8465,3
8466,12
8467,17
8468,6
8469,3
8470,15
8471,8
8472,3
8473,3
8474,8
8475,17
8476,15
8477,10
8478,19
8479,9
8480,3
8481,8
8482,16
8483,11
8484,7
8485,7
8486,5
8487,9
8488,6
8489,8
8490,1
8491,13
8492,13
8493,6
8494,9
8495,1
8496,1
8497,13
8498,15
8499,18
8500,10
8501,1
8502,14
8503,15
8504,15
8505,16
8506,13
8507,6
8508,14
8509,6
8510,18
8511,3
8512,4
8513,13
8514,7
8515,12
8516,9
8517,1
8518,1
8519,18
8520,13
8521,6
8522,15
8523,6
8524,5
8525,1
8526,16
8527,13
8528,13
8529,18
8530,5
8531,15
8532,18
8533,12
8534,18
8535,10
8536,10
8537,8
8538,18
8539,6
8540,15
8541,9
8542,13
8543,3
8544,9
8545,6
8546,13
8547,14
8548,11
8549,5
8550,1
8551,18
8552,14
8553,13
8554,14
8555,8
8556,18
8557,11
8558,14
8559,4
8560,9
8561,14
8562,12
8563,15
8564,15
8565,8
8566,7
8567,12
8568,17
8569,15
8570,14
8571,6
8572,13
8573,3
8574,6
8575,15
8576,15
8577,13
8578,15
8579,17
8580,18
8581,6
8582,9
8583,14
8584,2
8585,13
8586,14
8587,18
8588,13
8589,7
8590,8
8591,8
8592,19
8593,2
8594,15
8595,4
8596,13
8597,3
8598,9
8599,6
8600,3
8601,8
8602,13
8603,18
8604,5
8605,15
8606,3
8607,19
8608,10
8609,10
8610,12
8611,9
8612,11
8613,8
8614,8
8615,17
8616,9
8617,14
8618,13
8619,18
8620,14
8621,18
8622,14
8623,19
8624,3
8625,10
8626,13
8627,15
8628,18
8629,18
8630,3
8631,17
8632,15
8633,6
8634,10
8635,13
8636,3
8637,3
8638,3
8639,18
8640,5
8641,8
8642,19
8643,9
8644,2
8645,2
8646,15
8647,9
8648,18
8649,10
8650,12
8651,3
8652,7
8653,14
8654,3
8655,14
8656,6
8657,10
8658,14
8659,14
8660,9
8661,9
8662,6
8663,8
8664,15
8665,15
8666,18
8667,5
8668,14
8669,8
8670,9
8671,13
8672,7
8673,7
8674,9
8675,13
8676,19
8677,6
8678,2
8679,13
8680,15
8681,16
8682,18
8683,13
8684,9
8685,15
8686,3
8687,13
8688,13
8689,15
8690,16
8691,11
8692,15
8693,16
8694,8
8695,15
8696,14
8697,2
8698,17
8699,17
8700,9
8701,4
8702,8
8703,15
8704,6
8705,19
8706,15
8707,14
8708,7
8709,14
8710,13
8711,15
8712,9
8713,14
8714,6
8715,13
8716,7
8717,9
8718,17
8719,14
8720,8
8721,4
8722,8
8723,9
8724,14
8725,6
8726,3
8727,11
8728,15
8729,13
8730,14
8731,10
8732,18
8733,8
8734,6
8735,18
8736,14
8737,2
8738,3
8739,1
8740,10
8741,6
8742,15
8743,4
8744,3
8745,5
8746,3
8747,19
8748,7
8749,18
8750,11
8751,5
8752,3
8753,18
8754,9
8755,6
8756,1
8757,16
8758,13
8759,12
8760,8
8761,18
8762,16
8763,7
8764,6
8765,13
8766,3
8767,3
8768,2
8769,9
8770,8
8771,19
8772,3
8773,13
8774,14
8775,3
8776,9
8777,2
8778,15
8779,1
8780,4
8781,17
8782,14
8783,9
8784,15
8785,7
8786,13
8787,1
8788,6
8789,11
8790,6
8791,12
8792,11
8793,9
8794,11
8795,1
8796,1
8797,13
8798,12
8799,3
8800,15
8801,2
8802,3
8803,11
8804,13
8805,7
8806,18
8807,15
8808,15
8809,9
8810,15
8811,6
8812,15
8813,8
8814,18
8815,13
8816,16
8817,4
8818,18
8819,15
8820,11
8821,13
8822,3
8823,14
8824,9
8825,19
8826,9
8827,12
8828,18
8829,11
8830,14
8831,8
8832,13
8833,12
8834,1
8835,9
8836,9
8837,13
8838,18
8839,11
8840,5
8841,12
8842,12
8843,9
8844,15
8845,5
8846,6
8847,14
8848,10
8849,16
8850,15
8851,18
8852,8
8853,15
8854,19
8855,18
8856,7
8857,8
8858,15
8859,15
8860,11
8861,9
8862,3
8863,4
8864,14
8865,18
8866,15
8867,14
8868,18
8869,9
8870,11
8871,12
8872,12
8873,13
8874,10
8875,6
8876,9
8877,6
8878,4
8879,6
8880,12
8881,9
8882,8
8883,14
8884,10
8885,6
8886,18
8887,7
8888,8
8889,3
8890,10
8891,18
8892,18
8893,6
8894,13
8895,19
8896,14
8897,13
8898,14
8899,4
8900,14
8901,3
8902,5
8903,1
8904,1
8905,14
8906,13
8907,13
8908,8
8909,11
8910,19
8911,14
8912,14
8913,14
8914,12
8915,19
8916,3
8917,9
8918,8
8919,6
8920,3
8921,13
8922,10
8923,9
8924,9
8925,7
8926,14
8927,6
8928,15
8929,13
8930,6
8931,10
8932,18
8933,15
8934,15
8935,3
8936,8
8937,4
8938,13
8939,6
8940,3
8941,3
8942,2
8943,11
8944,15
8945,19
8946,18
8947,9
8948,14
8949,12
8950,3
8951,9
8952,14
8953,6
8954,13
8955,6
8956,6
8957,19
8958,3
8959,6
8960,18
8961,9
8962,13
8963,18
8964,7
8965,16
8966,18
8967,6
8968,15
8969,6
8970,14
8971,7
8972,9
8973,1
8974,3
8975,7
8976,16
8977,15
8978,8
8979,8
8980,17
8981,1
8982,15
8983,9
8984,11
8985,3
8986,6
8987,15
8988,17
8989,15
8990,6
8991,8
8992,3
8993,6
8994,13
8995,10
8996,14
8997,9
8998,9
8999,1
9000,13
9001,18
9002,1
9003,18
9004,6
9005,3
9006,3
9007,18
9008,6
9009,14
9010,4
9011,3
9012,15
9013,17
9014,3
9015,3
9016,10
9017,6
9018,15
9019,7
9020,11
9021,9
9022,1
9023,16
9024,2
9025,14
9026,3
9027,6
9028,13
9029,7
9030,17
9031,15
9032,13
9033,6
9034,12
9035,18
9036,17
9037,16
9038,15
9039,6
9040,6
9041,19
9042,6
9043,12
9044,9
9045,13
9046,3
9047,15
9048,9
9049,10
9050,18
9051,18
9052,3
9053,8
9054,15
9055,14
9056,3
9057,18
9058,18
9059,3
9060,12
9061,14
9062,14
9063,10
9064,10
9065,10
9066,15
9067,10
9068,3
9069,2
9070,15
9071,14
9072,10
9073,2
9074,2
9075,5
9076,15
9077,18
9078,5
9079,15
9080,10
9081,17
9082,13
9083,3
9084,12
9085,9
9086,14
9087,2
9088,12
9089,17
9090,19
9091,8
9092,11
9093,3
9094,8
9095,11
9096,14
9097,8
9098,3
9099,3
9100,9
9101,5
9102,3
9103,15
9104,1
9105,14
9106,5
9107,9
9108,17
9109,15
9110,17
9111,6
9112,15
9113,1
9114,2
9115,10
9116,15
9117,19
9118,2
9119,10
9120,10
9121,10
9122,19
9123,13
9124,3
9125,14
9126,6
9127,9
9128,1
9129,15
9130,13
9131,12
9132,3
9133,19
9134,9
9135,15
9136,6
9137,14
9138,14
9139,8
9140,14
9141,8
9142,13
9143,8
9144,12
9145,10
9146,14
9147,2
9148,8
9149,6
9150,18
9151,8
9152,13
9153,14
9154,13
9155,2
9156,5
9157,6
9158,13
9159,14
9160,7
9161,4
9162,15
9163,15
9164,4
9165,1
9166,15
9167,11
9168,9
9169,9
9170,15
9171,15
9172,12
9173,15
9174,17
9175,9
9176,13
9177,3
9178,16
9179,10
9180,13
9181,13
9182,18
9183,10
9184,15
9185,15
9186,19
9187,9
9188,15
9189,6
9190,5
9191,3
9192,3
9193,8
9194,1
9195,11
9196,18
9197,10
9198,14
9199,8
9200,5
9201,11
9202,10
9203,10
9204,14
9205,14
9206,12
9207,14
9208,9
9209,6
9210,12
9211,8
9212,14
9213,8
9214,18
9215,15
9216,18
9217,19
9218,15
9219,10
9220,9
9221,8
9222,9
9223,2
9224,3
9225,13
9226,8
9227,8
9228,2
9229,3
9230,12
9231,13
9232,18
9233,8
9234,14
9235,11
9236,6
9237,9
9238,13
9239,9
9240,16
9241,15
9242,7
9243,15
9244,17
9245,3
9246,17
9247,13
9248,18
9249,13
9250,10
9251,18
9252,15
9253,3
9254,9
9255,13
9256,14
9257,18
9258,14
9259,12
9260,13
9261,13
9262,5
9263,18
9264,3
9265,15
9266,9
9267,9
9268,18
9269,9
9270,15
9271,2
9272,9
9273,11
9274,8
9275,10
9276,9
9277,15
9278,8
9279,10
9280,19
9281,6
9282,10
9283,3
9284,12
9285,19
9286,9
9287,8
9288,10
9289,6
9290,3
9291,8
9292,11
9293,18
9294,14
9295,8
9296,3
9297,4
9298,18
9299,1
9300,18
9301,3
9302,11
9303,13
9304,3
9305,19
9306,19
9307,15
9308,15
9309,11
9310,17
9311,19
9312,9
9313,11
9314,2
9315,18
9316,3
9317,5
9318,8
9319,9
9320,2
9321,16
9322,3
9323,13
9324,15
9325,6
9326,14
9327,18
9328,18
9329,13
9330,8
9331,1
9332,6
9333,17
9334,10
9335,9
9336,3
9337,16
9338,1
9339,3
9340,4
9341,8
9342,15
9343,9
9344,8
9345,8
9346,3
9347,14
9348,1
9349,4
9350,8
9351,10
9352,9
9353,17
9354,18
9355,15
9356,8
9357,6
9358,2
9359,18
9360,13
9361,3
9362,13
9363,9
9364,18
9365,8
9366,18
9367,18
9368,3
9369,6
9370,4
9371,8
9372,15
9373,13
9374,12
9375,8
9376,19
9377,11
9378,16
9379,14
9380,15
9381,9
9382,8
9383,15
9384,15
9385,13
9386,4
9387,6
9388,3
9389,4
9390,13
9391,10
9392,3
9393,19
9394,18
9395,7
9396,13
9397,13
9398,13
9399,13
9400,2
9401,11
9402,13
9403,3
9404,10
9405,18
9406,9
9407,13
9408,11
9409,9
9410,19
9411,6
9412,9
9413,1
9414,10
9415,18
9416,14
9417,12
9418,2
9419,8
9420,15
9421,4
9422,8
9423,16
9424,13
9425,15
9426,2
9427,14
9428,18
9429,7
9430,13
9431,8
9432,4
9433,15
9434,13
9435,13
9436,4
9437,6
9438,16
9439,11
9440,14
9441,16
9442,18
9443,1
9444,6
9445,15
9446,5
9447,15
9448,8
9449,13
9450,16
9451,14
9452,15
9453,18
9454,18
9455,15
9456,18
9457,9
9458,16
9459,19
9460,8
9461,8
9462,13
9463,8
9464,12
9465,3
9466,2
9467,3
9468,14
9469,19
9470,3
9471,3
9472,19
9473,8
9474,18
9475,7
9476,15
9477,10
9478,8
9479,13
9480,8
9481,1
9482,4
9483,1
9484,3
9485,4
9486,4
9487,6
9488,1
9489,13
9490,14
9491,13
9492,18
9493,13
9494,6
9495,6
9496,14
9497,14
9498,15
9499,12
9500,8
9501,6
9502,13
9503,9
9504,18
9505,11
9506,9
9507,9
9508,2
9509,3
9510,14
9511,6
9512,10
9513,9
9514,13
9515,6
9516,13
9517,19
9518,8
9519,10
9520,17
9521,13
9522,6
9523,14
9524,11
9525,6
9526,15
9527,6
9528,11
9529,15
9530,13
9531,9
9532,13
9533,14
9534,15
9535,15
9536,13
9537,17
9538,13
9539,9
9540,14
9541,14
9542,18
9543,14
9544,9
9545,10
9546,16
9547,7
9548,15
9549,11
9550,19
9551,3
9552,7
9553,7
9554,10
9555,16
9556,14
9557,6
9558,8
9559,7
9560,8
9561,10
9562,4
9563,9
9564,17
9565,6
9566,9
9567,2
9568,6
9569,2
9570,11
9571,13
9572,18
9573,12
9574,1
9575,6
9576,15
9577,17
9578,15
9579,13
9580,15
9581,7
9582,2
9583,12
9584,8
9585,16
9586,15
9587,6
9588,19
9589,10
9590,13
9591,14
9592,1
9593,13
9594,19
9595,18
9596,15
9597,3
9598,14
9599,6
9600,14
9601,13
9602,8
9603,9
9604,8
9605,15
9606,9
9607,13
9608,8
9609,18
9610,3
9611,5
9612,8
9613,13
9614,2
9615,9
9616,13
9617,19
9618,15
9619,14
9620,17
9621,15
9622,13
9623,18
9624,11
9625,18
9626,18
9627,8
9628,14
9629,6
9630,12
9631,9
9632,18
9633,14
9634,14
9635,9
9636,6
9637,9
9638,15
9639,5
9640,9
9641,13
9642,13
9643,19
9644,3
9645,3
9646,4
9647,6
9648,13
9649,3
9650,18
9651,9
9652,3
9653,11
9654,13
9655,9
9656,15
9657,17
9658,19
9659,14
9660,14
9661,13
9662,10
9663,18
9664,16
9665,6
9666,4
9667,6
9668,15
9669,9
9670,4
9671,6
9672,8
9673,13
9674,19
9675,10
9676,8
9677,10
9678,17
9679,11
9680,8
9681,19
9682,19
9683,16
9684,6
9685,6
9686,8
9687,13
9688,14
9689,15
9690,16
9691,9
9692,15
9693,8
9694,15
9695,15
9696,10
9697,18
9698,9
9699,8
9700,3
9701,19
9702,12
9703,14
9704,7
9705,9
9706,14
9707,16
9708,15
9709,3
9710,9
9711,19
9712,13
9713,6
9714,11
9715,15
9716,3
9717,2
9718,9
9719,7
9720,15
9721,2
9722,15
9723,11
9724,12
9725,15
9726,16
9727,6
9728,18
9729,3
9730,13
9731,18
9732,10
9733,18
9734,4
9735,17
9736,16
9737,9
9738,3
9739,5
9740,18
9741,13
9742,10
9743,9
9744,2
9745,9
9746,15
9747,15
9748,5
9749,18
9750,14
9751,14
9752,9
9753,13
9754,14
9755,14
9756,2
9757,6
9758,1
9759,18
9760,12
9761,3
9762,13
9763,3
9764,10
9765,19
9766,5
9767,10
9768,15
9769,3
9770,17
9771,4
9772,12
9773,14
9774,14
9775,6
9776,4
9777,8
9778,12
9779,3
9780,6
9781,3
9782,13
9783,13
9784,14
9785,6
9786,13
9787,3
9788,9
9789,13
9790,9
9791,6
9792,14
9793,18
9794,18
9795,6
9796,3
9797,5
9798,11
9799,8
9800,8
9801,17
9802,15
9803,18
9804,4
9805,9
9806,12
9807,9
9808,1
9809,1
9810,19
9811,16
9812,14
9813,1
9814,8
9815,8
9816,7
9817,5
9818,6
9819,15
9820,15
9821,13
9822,19
9823,17
9824,8
9825,16
9826,10
9827,15
9828,15
9829,13
9830,5
9831,3
9832,19
9833,13
9834,9
9835,3
9836,13
9837,12
9838,18
9839,2
9840,14
9841,12
9842,2
9843,6
9844,13
9845,10
9846,12
9847,13
9848,11
9849,13
9850,9
9851,6
9852,6
9853,14
9854,5
9855,3
9856,2
9857,4
9858,13
9859,2
9860,1
9861,9
9862,5
9863,3
9864,14
9865,14
9866,13
9867,13
9868,18
9869,18
9870,9
9871,3
9872,9
9873,8
9874,14
9875,13
9876,5
9877,8
9878,3
9879,3
9880,7
9881,7
9882,16
9883,14
9884,4
9885,4
9886,1
9887,13
9888,9
9889,9
9890,1
9891,13
9892,18
9893,8
9894,13
9895,6
9896,14
9897,8
9898,9
9899,8
9900,4
9901,6
9902,15
9903,13
9904,11
9905,3
9906,9
9907,3
9908,12
9909,18
9910,6
9911,18
9912,11
9913,18
9914,18
9915,6
9916,14
9917,14
9918,13
9919,8
9920,15
9921,18
9922,11
9923,9
9924,1
9925,14
9926,14
9927,15
9928,13
9929,8
9930,12
9931,13
9932,6
9933,17
9934,5
9935,10
9936,14
9937,6
9938,13
9939,13
9940,18
9941,2
9942,1
9943,14
9944,7
9945,9
9946,10
9947,14
9948,2
9949,6
9950,6
9951,8
9952,15
9953,12
9954,13
9955,18
9956,9
9957,13
9958,12
9959,8
9960,1
9961,18
9962,12
9963,12
9964,18
9965,9
9966,8
9967,10
9968,15
9969,6
9970,18
9971,16
9972,15
9973,8
9974,15
9975,13
9976,9
9977,8
9978,19
9979,3
9980,16
9981,9
9982,15
9983,18
9984,19
9985,13
9986,6
9987,8
9988,12
9989,1
9990,9
9991,13
9992,8
9993,3
9994,9
9995,6
9996,5
9997,18
9998,8
9999,4
