ID,Pred
1,0.9779497611210237
2,0.7810305912955281
3,0.2533148678904222
4,0.9542956137082647
5,0.5227554917392624
6,0.7602724813722007
7,0.7762955324720653
8,0.546286585019156
9,0.7047676712183135
10,0.4238966991271144
11,0.5785268531084432
12,0.5813332410915524
13,0.2880598589822905
14,0.47338550488811315
15,0.8089220429470132
16,0.09592990160005142
17,0.3009261843312854
18,0.8198016113183875
19,0.930680205596625
20,0.907039505660814
21,0.48944076448406687
22,0.06837778397648764
23,0.3396118778460604
24,0.8180727509464499
25,0.3310659322274013
26,0.07117545591617593
27,0.47812362279120685
28,0.7892776285378832
29,0.35400187923615106
30,0.9312324856167798
31,0.24497767642362647
32,0.6445914584493047
33,0.2931981404891023
34,0.14746752276811972
35,0.8555064410952855
36,0.33333114767384314
37,0.8930489305848981
38,0.7097490830692519
39,0.5329145334347059
40,0.8430535628488446
41,0.12841178462003838
42,0.809665849527926
43,0.40591953766330696
44,0.9462005834140299
45,0.240747679721215
46,0.6574145576860893
47,0.9520154093027731
48,0.9264130544610999
49,0.4758631736499106
50,0.9560019688172611
51,0.4830459175903066
52,0.1528176327853024
53,0.13975033817286486
54,0.8735810860251302
55,0.06648022499101251
56,0.8387745418512721
57,0.08645737577606726
58,0.3064794898365585
59,0.026854757588913473
60,0.7997344546196372
61,0.8304322414198818
62,0.6443753538484239
63,0.9095866486258146
64,0.6525964967343028
65,0.39119125346459305
66,0.5604778084056742
67,0.0001172901458145797
68,0.4347677422614115
69,0.8205142778095551
70,0.11231406271090862
71,0.1586930620080971
72,0.4696043183583777
73,0.5353309127158179
74,0.5531487326058341
75,0.9160169121046303
76,0.3988458148491016
77,0.6486237913680087
78,0.8561719563057074
79,0.254037894461052
80,0.34233850646112723
81,0.5722965737047675
82,0.9879820821761276
83,0.7431133323491311
84,0.869947853224681
85,0.6619855693269231
86,0.45430709739437675
87,0.5894943390530479
88,0.3103457281420737
89,0.8822538766877509
90,0.8156268032721021
91,0.9753678471634658
92,0.05503999083953991
93,0.40837342627783
94,0.965494616910792
95,0.5389815988152852
96,0.27834164313652415
97,0.5075444773495068
98,0.8292253549664033
99,0.8114720282971335
100,0.1899431783151913
101,0.3922302358842654
102,0.8866360847972808
103,0.4924887011080316
104,0.44124514818565097
105,0.23293216473141706
106,0.720284386869455
107,0.3344639691148743
108,0.14928618008220396
109,0.9887953776435238
110,0.2459637528870659
111,0.3338036257427779
112,0.9491531249558285
113,0.459842162403501
114,0.2747023702078075
115,0.8125418884193206
116,0.09122025561470835
117,0.10517781914124824
118,0.9103272794087007
119,0.8580534491030795
120,0.8844584568313594
121,0.8157364783740886
122,0.7142874219176204
123,0.8516642039858072
124,0.9746402725202319
125,0.0471094980801729
126,0.09512921003077596
127,0.7783363758034225
128,0.33112752100855336
129,0.1161846633567914
130,0.794567547847687
131,0.1789687068133565
132,0.09402421786969797
133,0.19209268304804336
134,0.522112363159809
135,0.8250858243261039
136,0.8367954155668682
137,0.39565908564229385
138,0.12618162181240755
139,0.09397464476169645
140,0.21359896543613446
141,0.14165671695716453
142,0.31924921958367763
143,0.5149594336774386
144,0.44812326867151253
145,0.3661215344225411
146,0.24033174671077867
147,0.2821022034009739
148,0.295627679985246
149,0.314788395708268
150,0.26675406431411386
151,0.3834801052863107
152,0.6040168121379985
153,0.33221820823002907
154,0.3404119085764303
155,0.6330209754091763
156,0.2755999969607515
157,0.447272120174705
158,0.6127369118474025
159,0.7894516190411907
160,0.6359539002219365
161,0.17841331774445252
162,0.026024266413490416
163,0.9305535224982692
164,0.6405113936752371
165,0.8050184490924621
166,0.0249868656421787
167,0.7715409734113511
168,0.25782015775124867
169,0.9725020444890637
170,0.9130851339830494
171,0.42940669275329013
172,0.2583212642455193
173,0.912854654510483
174,0.3762904243192364
175,0.7046274415501521
176,0.2330660873068377
177,0.8402119726930543
178,0.15211694068213036
179,0.880729035365407
180,0.9813887381142127
181,0.35754518106450633
182,0.6909044755402092
183,0.922417231908536
184,0.3145044385111377
185,0.2709852405675052
186,0.8999819484138424
187,0.3680685050644544
188,0.5977029450879097
189,0.5656542963881404
190,0.5594554564211135
191,0.5775230347170782
192,0.32963132500955317
193,0.6914339334100015
194,0.5885081804518569
195,0.3179864270559661
196,0.5430365203593995
197,0.6024817600542618
198,0.3177588396956976
199,0.0989334203428802
200,0.13213904459841364
201,0.16668104318906796
202,0.3657642491280969
203,0.9792684820728923
204,0.4845755494862482
205,0.3282406371948123
206,0.29481964972093644
207,0.9638100750602178
208,0.3547505642312312
209,0.323047047737555
210,0.6432683425344118
211,0.8177805043387476
212,0.35811001465870596
213,0.8808458094833395
214,0.9013220059640319
215,0.38148018367486297
216,0.1336270583314358
217,0.6596696790067637
218,0.28082097722866994
219,0.9312266202733311
220,0.668358660466802
221,0.8723546879665495
222,0.4423560668118137
223,0.9544378234851904
224,0.30756115881066476
225,0.8816774659874009
226,0.318506020453819
227,0.603646145898807
228,0.017348731137179222
229,0.8672501892103933
230,0.05978254694786438
231,0.4263518420720978
232,0.40249925961104394
233,0.6947789898653354
234,0.8941494707586878
235,0.7838016792960616
236,0.4072765188895603
237,0.16409911316301837
238,0.42455005630258064
239,0.6824237253195423
240,0.38372685685916436
241,0.22555787859285942
242,0.25233338072986566
243,0.8853761355358678
244,0.46865452204549213
245,0.4792112563837492
246,0.8242434127234333
247,0.13935389390330777
248,0.7089373581784228
249,0.5114787402745689
250,0.6626042033111673
251,0.9902571032117291
252,0.9038313220386713
253,0.7103734021226576
254,0.7008371322441724
255,0.778184755424074
256,0.5162891909856587
257,0.22490658772909655
258,0.25470170534800435
259,0.19092103004560407
260,0.2558439611082707
261,0.6955626650621469
262,0.5631284573439123
263,0.9583636659713346
264,0.2382650008810997
265,0.4216352307729015
266,0.8213133711784854
267,0.9617330709327379
268,0.6854809720826788
269,0.8679827915122801
270,0.4905360588750621
271,0.9449773051147721
272,0.8226014849116321
273,0.6058751689999643
274,0.9068430576590323
275,0.8250724463813118
276,0.9358594574111805
277,0.9284237625384776
278,0.6780663381517815
279,0.061847163908399234
280,0.40810025967076474
281,0.562989065024612
282,0.36522341056855046
283,0.4376448859282837
284,0.21293772950453566
285,0.22356669870962503
286,0.9120268557320482
287,0.2041749855923588
288,0.9227768502553343
289,0.16512548708883024
290,0.24868910848565964
291,0.16993086226774762
292,0.2918339047119102
293,0.4070173681778474
294,0.3203540219999077
295,0.19336085238124173
296,0.9826513708023404
297,0.10154415286171685
298,0.957466562930318
299,0.9792448359981029
300,0.6822801485274222
301,0.29352337153085173
302,0.6474345340851537
303,0.34332139362743475
304,0.14990595441415594
305,0.42937136079894267
306,0.6633294502891599
307,0.2398235496179927
308,0.7223392054503701
309,0.7698390236039564
310,0.8664171305837257
311,0.4728729717859915
312,0.9183224418443304
313,0.20380662699671798
314,0.2913415883376227
315,0.9366340715735595
316,0.45655481595291947
317,0.18587461013659728
318,0.07477396469999116
319,0.8460404836006195
320,0.7303166998320401
321,0.4068313538423175
322,0.14208312163461947
323,0.08313594159935558
324,0.804280249709132
325,0.9872413918046489
326,0.6151263613407317
327,0.5737670329170607
328,0.18908987419744866
329,0.3608556488252024
330,0.0931576733905079
331,0.9350572995732012
332,0.4918218572992858
333,0.1291953876001828
334,0.7338582004336679
335,0.8798522284431732
336,0.26946913955001395
337,0.9461464796603105
338,0.9387556262195896
339,0.6799413850418903
340,0.5247599124708177
341,0.5233178333240367
342,0.13665363385271367
343,0.8256062335285275
344,0.5345089714514273
345,0.152614326173251
346,0.9998484951639427
347,0.38966415640680085
348,0.18657535961670166
349,0.5026000394360208
350,0.770156032332693
351,0.056626130746143095
352,0.36968388258909135
353,0.28893531929624056
354,0.7462371222866069
355,0.3404967886388662
356,0.24487784861747589
357,0.896203364546303
358,0.23615894616857835
359,0.1915007058072326
360,0.9246261532037443
361,0.7729733671544531
362,0.13412208076571294
363,0.9661553098821084
364,0.662019027796213
365,0.5349666193659174
366,0.23259642400217773
367,0.9852798286839739
368,0.09898337935087298
369,0.9289277712895002
370,0.24707614914310053
371,0.5166206276875808
372,0.9025005346411304
373,0.6248016830965037
374,0.9534748138888357
375,0.08041141601341667
376,0.35644289114778477
377,0.33940041066250265
378,0.30594535435319953
379,0.8032108411830587
380,0.29384914259622935
381,0.04198378383921246
382,0.7344513559250982
383,0.48830182863865745
384,0.49166776567633763
385,0.27477782441959664
386,0.8017901323452432
387,0.2870915788684406
388,0.4925918595642605
389,0.8587812124128852
390,0.7384341411682767
391,0.8728107880106417
392,0.19989622781679958
393,0.8101362009914657
394,0.29646875445504783
395,0.13361589613894292
396,0.05382967159905277
397,0.12839041777504437
398,0.1716719668665123
399,0.5949317564458276
400,0.9799445811696257
401,0.4554110314111926
402,0.7880336363520732
403,0.10104657395758368
404,0.3467088314164446
405,0.25554284337413613
406,0.7949377052648535
407,0.3426259701994242
408,0.7043421014432132
409,0.9173676522370355
410,0.3829250592573184
411,0.4697663829307479
412,0.49189105860421306
413,0.2475259381019299
414,0.30836973341458646
415,0.9157382626256383
416,0.3052360954133272
417,0.07897267981166847
418,0.9302597207193145
419,0.8082889788447922
420,0.5668871134207293
421,0.7954839286668463
422,0.17023193678814139
423,0.8597668873781419
424,0.6787173522883956
425,0.130238946808455
426,0.7846479491220651
427,0.27598520436593377
428,0.9611267951900564
429,0.48196261318078426
430,0.939649593086375
431,0.5379498510353392
432,0.5138815336637399
433,0.9519116429185708
434,0.5456826288956634
435,0.21985282876503806
436,0.3172449347423672
437,0.3232230446913203
438,0.6485950828983575
439,0.825303373774302
440,0.27006839776820496
441,0.6287494407310288
442,0.07946773903064705
443,0.47485615409247767
444,0.20737493959998074
445,0.4762089088911202
446,0.3307261998889944
447,0.9535211087600928
448,0.9654931346565964
449,0.3016792808697791
450,0.7135028029347393
451,0.8973313347002402
452,0.2978450792446458
453,0.4872535799547576
454,0.6001453564388854
455,0.3572817955243218
456,0.22094898249736714
457,0.4730731411396638
458,0.7926455763292581
459,0.48168237123637964
460,0.3504100960688215
461,0.11528908113695079
462,0.08879500405355262
463,0.2914558384211991
464,0.4349409242393285
465,0.2384008372822106
466,0.6394963400573318
467,0.5210984823070841
468,0.4786593762801204
469,0.8994826126062206
470,0.7470011869727144
471,0.27567480773815584
472,0.9856862746435162
473,0.34185904468004846
474,0.17273541036355308
475,0.25905676084526397
476,0.30818620369804706
477,0.3182114466903497
478,0.9867866065643437
479,0.9438818873487507
480,0.9580559107280452
481,0.25034190795641903
482,0.13472106839796957
483,0.9207591363392579
484,0.5337591510511294
485,0.21250106128358284
486,0.3783131130640062
487,0.14106569794094703
488,0.36214141104106445
489,0.8552998086398984
490,0.4689461275113565
491,0.44565526286568735
492,0.9532262818751571
493,0.29677136575679197
494,0.12216365012184464
495,0.851528835061708
496,0.7443607186816346
497,0.3226779348303818
498,0.995142103131199
499,0.8158161525838395
500,0.7785290213747177
501,0.9216791693083547
502,0.08944096544236325
503,0.18475462230541326
504,0.6167000884538071
505,0.28940654618479195
506,0.28973597884065433
507,0.48670392885832736
508,0.8940836454638253
509,0.4977539542972674
510,0.3045441951503669
511,0.6343529203253387
512,0.2575232324914192
513,0.5531626308176516
514,0.39386527850578773
515,0.04779917897799707
516,0.516002054697202
517,0.9444805353563168
518,0.9570841416029396
519,0.6336321227197527
520,0.15426627337572574
521,0.8096006698923658
522,0.8079047895944745
523,0.45499430389340134
524,0.012582734727319259
525,0.7673347803379605
526,0.32511411563961623
527,0.5638732832999659
528,0.47568033529089154
529,0.014915622337802673
530,0.4899641146451483
531,0.6524228772990598
532,0.2574849136334771
533,0.6347556426526042
534,0.8933459740688733
535,0.9972787934420222
536,0.20079930212560398
537,0.9470368932695139
538,0.9297129288289618
539,0.46364640473697627
540,0.48275278643529834
541,0.026730353363357887
542,0.837281889877152
543,0.7758744523847311
544,0.3985147480577669
545,0.6044383892540885
546,0.3156623839743183
547,0.7037746648688461
548,0.277996460435348
549,0.7062004056127192
550,0.695573691278152
551,0.9663365217344009
552,0.9712931545985508
553,0.6953812450728287
554,0.7599712188042268
555,0.6950695712186392
556,0.6721390514141302
557,0.2399327055540764
558,0.7231827137118159
559,0.2004790576229913
560,0.7851152579579541
561,0.25391179483723075
562,0.9434404369984202
563,0.409487230749382
564,0.9519194729424029
565,0.8948412014206664
566,0.3787904349626267
567,0.7446347732186135
568,0.8770941087328384
569,0.3223022713890497
570,0.3950045949347407
571,0.3707552440475738
572,0.5433681029319761
573,0.9769263608745393
574,0.11064968235481129
575,0.6006827679940188
576,0.9561360961073604
577,0.8438903590983008
578,0.8650857124074719
579,0.680931553564492
580,0.2615666263417713
581,0.5925480080852792
582,0.4202289515743245
583,0.8253365818667564
584,0.765302915287234
585,0.6797957980602901
586,0.11291482950291996
587,0.822294313802478
588,0.706415736477736
589,0.9210419717812933
590,0.9079012626799394
591,0.11296447458828351
592,0.8851766307831774
593,0.5246873540445997
594,0.29447546738508384
595,0.09922529936497697
596,0.9680831960255584
597,0.7411277788239071
598,0.9408514213967838
599,0.4091909926830421
600,0.9009692960426331
601,0.6116901155616706
602,0.9183555972942671
603,0.9882328054041485
604,0.8340462377091041
605,0.8648526074633355
606,0.5371788333826314
607,0.7270638181051683
608,0.19584412416851396
609,0.0466440332065525
610,0.7692367045122226
611,0.3339926286311354
612,0.4014304851994637
613,0.8081657320217017
614,0.9026895421093213
615,0.262195848156193
616,0.4963764740641776
617,0.21592289495871336
618,0.15051920969805804
619,0.2276455478991641
620,0.9730319433838672
621,0.9238233199879169
622,0.31034209408811975
623,0.771290398305648
624,0.2674719760443492
625,0.8063198930440192
626,0.8195910558283891
627,0.2013287355050422
628,0.852945415734053
629,0.4070428766842588
630,0.6140745945836766
631,0.9669880502328237
632,0.5972599056123294
633,0.5651618569008293
634,0.8374529691889775
635,0.4923212498483158
636,0.7342809931922618
637,0.45340211520416185
638,0.7845292515304851
639,0.9583546903955981
640,0.8248624772344578
641,0.888542195556992
642,0.8891759971666799
643,0.33625180073398897
644,0.5563532156301741
645,0.30704099686588454
646,0.33024060149662937
647,0.8392301527717024
648,0.8312178540918393
649,0.5438303276913004
650,0.476517881864451
651,0.9740714665636678
652,0.17892276953147668
653,0.7565243266678389
654,0.4329775627156972
655,0.09395902490970459
656,0.7066832557961666
657,0.65236147521139
658,0.4524624280946648
659,0.9432225930745111
660,0.983588718998774
661,0.898621114916598
662,0.9594011680337636
663,0.14051534814400538
664,0.43204961424651556
665,0.7862587763662635
666,0.3442795056677266
667,0.8098158516377398
668,0.6424054336423796
669,0.44135688443874865
670,0.13531059884394608
671,0.5239657980236089
672,0.043083701108988175
673,0.5859109750201005
674,0.2620490624794358
675,0.3394642525395706
676,0.9857611201427339
677,0.920773779205749
678,0.6595673557392352
679,0.2758585124300394
680,0.5706508624447978
681,0.8605866046742592
682,0.6361302750638415
683,0.432116750074039
684,0.9704937117007513
685,0.2767281237635669
686,0.45446352332759854
687,0.5730521700451264
688,0.12382411890169379
689,0.5615631787850307
690,0.9261330819905211
691,0.5427215208304033
692,0.004547281358403131
693,0.1333382374564171
694,0.2900978352936862
695,0.6881254871455245
696,0.9714059497603822
697,0.49877713731300183
698,0.9081875789840678
699,0.5138130930790217
700,0.14695412138484681
701,0.971510355574942
702,0.1353619129317149
703,0.5085134225136182
704,0.9714914984394543
705,0.11396519763524593
706,0.03753331239871731
707,0.18907188174158948
708,0.8681647037757378
709,0.6182213349206045
710,0.6280803767720411
711,0.40456152172424964
712,0.711981093311576
713,0.5796773904647915
714,0.06216337159895522
715,0.9909983001471123
716,0.824033648709337
717,0.10520341083612761
718,0.5745385113000885
719,0.5730187799834735
720,0.9567531487189571
721,0.0604138926972503
722,0.5170292062466991
723,0.4114242655580048
724,0.07955367139114718
725,0.21525952507417556
726,0.19818008988515284
727,0.9729906971177936
728,0.6891975170064253
729,0.9619086572840969
730,0.4416684630341037
731,0.9324422733698823
732,0.43170509945078206
733,0.03095987864562767
734,0.24823816285246228
735,0.4766465403033407
736,0.8359081176319182
737,0.48129575228075483
738,0.32113085130810837
739,0.8729360205348793
740,0.2465154827312104
741,0.3248902343039729
742,0.9034085660170309
743,0.8916230276531668
744,0.7683076669517603
745,0.5164612290189761
746,0.3319030102543736
747,0.2682662088237271
748,0.516542271888683
749,0.3193945007175114
750,0.7826686344143098
751,0.40587111067141923
752,0.3042367904266435
753,0.7280230162988216
754,0.516901431945472
755,0.7577200587827799
756,0.48314883172394407
757,0.8656419852185395
758,0.9526107124088738
759,0.37029912530162945
760,0.4211908052813714
761,0.8798229201207942
762,0.44183326144140794
763,0.8091366359087149
764,0.0749581947971367
765,0.8643098869916107
766,0.7314590517995941
767,0.27937382714254044
768,0.1355528081025722
769,0.33799888446066767
770,0.21117464155939827
771,0.8210154964675342
772,0.9925614195507537
773,0.534605595632017
774,0.4968246035983752
775,0.42258542552850853
776,0.06587550310916941
777,0.355566439382598
778,0.91821204446138
779,0.8197299475588822
780,0.7759095350707539
781,0.4542946270827444
782,0.3568297508351728
783,0.8300812735488104
784,0.954186623627978
785,0.18454784256313683
786,0.9795010848801186
787,0.22024047811719305
788,0.9120630468964018
789,0.10420950427682744
790,0.9625736728484554
791,0.8744847008408762
792,0.3441646731867641
793,0.32221455157566364
794,0.9034085660170309
795,0.36669824302084353
796,0.7222786233102565
797,0.9320452103342526
798,0.754513897622807
799,0.9761314015829035
800,0.3544182306312605
801,0.401799227292902
802,0.6778583112129334
803,0.8531718438717044
804,0.46229397669976874
805,0.060366022666718144
806,0.3680661071744528
807,0.2262274330499279
808,0.5750055040895913
809,0.26488606739687
810,0.9099296295337924
811,0.4175292392217132
812,0.8058746248170354
813,0.43138241682646317
814,0.8923682527085417
815,0.9647299676900156
816,0.162841812803448
817,0.209236168479497
818,0.9277162937626902
819,0.47013117610676897
820,0.15034869085560584
821,0.08100067906935682
822,0.8327710080990421
823,0.17255694933782678
824,0.6257577495172509
825,0.2411260524016748
826,0.9861393541112974
827,0.2519127477474898
828,0.40113872550715346
829,0.9217589158564561
830,0.6278952963784435
831,0.4984738159720032
832,0.9283200151844673
833,0.64309462421297
834,0.2748208911581519
835,0.18774025635039204
836,0.9449097173299439
837,0.9215394561213159
838,0.13177560525175708
839,0.5817104886465683
840,0.8898126334437481
841,0.9624914432138634
842,0.7492769693743251
843,0.39784489386908306
844,0.5226095397014565
845,0.46452218285835156
846,0.6261230310063575
847,0.8806600281198296
848,0.06438091286438483
849,0.8021459299304893
850,0.5345089714514273
851,0.5343340767535426
852,0.7439216524414538
853,0.1158124692236189
854,0.015033661760071712
855,0.706243392454756
856,0.7371465146159075
857,0.555416558145786
858,0.9531552970534142
859,0.5628523314520467
860,0.4657856081298167
861,0.2207744005711484
862,0.887850779055739
863,0.5496539687668821
864,0.5378932701869578
865,0.16184140386961476
866,0.9335821396328026
867,0.6107080177021985
868,0.8318550707029496
869,0.9985339653555176
870,0.6348835765950218
871,0.49595587014385256
872,0.6246840451184404
873,0.8793082485242535
874,0.23013135983395797
875,0.7389576980161906
876,0.3916348030735685
877,0.01932082997793444
878,0.2678667129843689
879,0.6930812949287524
880,0.8712577034872793
881,0.9402407069142332
882,0.27125536520945137
883,0.743195500136481
884,0.892885163773103
885,0.7773594245557427
886,0.7912005212855489
887,0.9703880988036395
888,0.0867683250011501
889,0.3276923875159048
890,0.9625521260405322
891,0.029792706827076885
892,0.8633686602507971
893,0.22011698727476686
894,0.131629519518946
895,0.0679846671768016
896,0.10784463515824375
897,0.6883267547276091
898,0.17458696339010477
899,0.7119646284088053
900,0.9249262377893291
901,0.9826102811864692
902,0.4407826064029282
903,0.24519562621444854
904,0.2361657284998196
905,0.95626778879365
906,0.8802986771233945
907,0.6590627584182591
908,0.6027729402703621
909,0.10862703686632666
910,0.6211503008255067
911,0.5530597017287638
912,0.007663246675811035
913,0.9706775501838222
914,0.6537002893051359
915,0.931940273800247
916,0.9837659815779606
917,0.47673109070182856
918,0.6774737807278692
919,0.7717367490374425
920,0.27970983581308656
921,0.2534893557959296
922,0.330083540019875
923,0.4974890822714959
924,0.8030836181000844
925,0.8570338558301706
926,0.7003480432925898
927,0.16633921218961817
928,0.25729435173898607
929,0.20396427204830622
930,0.07810045444748802
931,0.36290627924521923
932,0.16125101451795426
933,0.34129694496652874
934,0.5197918189995235
935,0.27440639013412216
936,0.8069910310508676
937,0.7983227591317021
938,0.3791283920968594
939,0.09713774928641665
940,0.4374631354316489
941,0.3584676062868039
942,0.1865048628615601
943,0.6993373967343546
944,0.1990463574976945
945,0.6407075581419437
946,0.42476722246607224
947,0.7832804196316927
948,0.9360044223091404
949,0.9668413152710473
950,0.24485605138022914
951,0.8703014783428188
952,0.002437977976863663
953,0.8546682996825213
954,0.4952011913014172
955,0.38617750978964654
956,0.8508591400602906
957,0.47926617943532407
958,0.7671386020985749
959,0.17961280540151173
960,0.9840819118755021
961,0.5988757853057187
962,0.8032950934218239
963,0.29857135531422646
964,0.8033810284357159
965,0.5178302864262722
966,0.2218757095430881
967,0.9647992366340056
968,0.285552712852254
969,0.8051853248035259
970,0.15307654100463353
971,0.5256581062619174
972,0.13945646915425491
973,0.42901453165921966
974,0.16401611432019003
975,0.8568227675268689
976,0.6511316528697735
977,0.9425831932648154
978,0.2557299829435041
979,0.5199550011477265
980,0.5357527140621482
981,0.8762644171547939
982,0.9596609556815064
983,0.770458724350801
984,0.2568189342136209
985,0.9832872307279577
986,0.9280882687460337
987,0.6191988638688833
988,0.47460204455719857
989,0.2722970325447412
990,0.22384225606251007
991,0.17139555730531772
992,0.2655189679533697
993,0.39550417666274956
994,0.17029890194988012
995,0.24834387291802806
996,0.3360122570374695
997,0.7723022375574511
998,0.03525813058788236
999,0.4827732867569373
1000,0.6634317757369219
1001,0.484619726745718
1002,0.27210754995979014
1003,0.9864499351562019
1004,0.36125759922555034
1005,0.6977431587415555
1006,0.07318643718031441
1007,0.5124197221302185
1008,0.9572451994026573
1009,0.3843850570649476
1010,0.07676968679581957
1011,0.8131136079084875
1012,0.8596505622665767
1013,0.4726959192636713
1014,0.06965916589969635
1015,0.22327030979446752
1016,0.9101994377254379
1017,0.0001172901458145797
1018,0.4365902646623202
1019,0.5754583623548549
1020,0.6815069206805112
1021,0.7968766570073526
1022,0.8603659114726879
1023,0.8816394498056035
1024,0.10831687936992841
1025,0.9283486510401526
1026,0.21407630545550513
1027,0.7236138350117036
1028,0.32282205650642853
1029,0.1710186384116292
1030,0.2252531839240953
1031,0.2523436739259779
1032,0.919323088652391
1033,0.8088725727354533
1034,0.2577858452659322
1035,0.7627002049086524
1036,0.9078843942226134
1037,0.1573089481110327
1038,0.5107777004743161
1039,0.7226502787178948
1040,0.4228604127083464
1041,0.9261756433128621
1042,0.2702478899297109
1043,0.42937136079894267
1044,0.21005079499414692
1045,0.9374012735489217
1046,0.9647492268984069
1047,0.26459516216371143
1048,0.6852450698910926
1049,0.8695310064490263
1050,0.9534813903813909
1051,0.5161262538482512
1052,0.24175910956152663
1053,0.8501252493654188
1054,0.594622490580367
1055,0.033715555234374785
1056,0.5367345304439236
1057,0.2477636161119597
1058,0.4454535381169384
1059,0.2986216336949566
1060,0.9093598932112763
1061,0.3112149600309278
1062,0.23393674017994448
1063,0.042958995217017314
1064,0.39933184025553675
1065,0.6111423709769914
1066,0.529135426402296
1067,0.28955213608701874
1068,0.2947878279293372
1069,0.2328408639865625
1070,0.3427763089361479
1071,0.6353044914714231
1072,0.35080830925426093
1073,0.7310633499443003
1074,0.16778373060914636
1075,0.8371083816682069
1076,0.8374112948373137
1077,0.1647426703246857
1078,0.8986743158587749
1079,0.6314437441947773
1080,0.08228395598892878
1081,0.963991041550481
1082,0.8305421069599811
1083,0.30777250463823147
1084,0.6080790564349612
1085,0.3615660543496601
1086,0.9815276120883126
1087,0.19865000927270748
1088,0.33206716659249447
1089,0.9510940464848081
1090,0.6104436432003977
1091,0.7426931840856599
1092,0.9457192930811302
1093,0.7938241272435058
1094,0.13099484315121668
1095,0.688500159834097
1096,0.16639216558155032
1097,0.33673292473665123
1098,0.21346292659452146
1099,0.37483929986139636
1100,0.3987162645310231
1101,0.966148840949631
1102,0.8406403570068078
1103,0.8202915692945809
1104,0.9638858351384748
1105,0.1026079525264784
1106,0.5465813797496052
1107,0.6916398457342365
1108,0.4217405722395429
1109,0.8339315012868149
1110,0.8505637460219241
1111,0.3340686984750238
1112,0.6382362399393864
1113,0.38278605277782773
1114,0.37698160918609197
1115,0.131186238900982
1116,0.36834983328350024
1117,0.8673754152790604
1118,0.8842239182339645
1119,0.8579582419144894
1120,0.21485928012088226
1121,0.2540203481608575
1122,0.5542315070390744
1123,0.13954099802612646
1124,0.4256224280675019
1125,0.31996153227059443
1126,0.7828090700685265
1127,0.6126759345912641
1128,0.49288866267232484
1129,0.3803212146098313
1130,0.15799086427681186
1131,0.5222502425340659
1132,0.2036891635062597
1133,0.11553724124959708
1134,0.08216982833874555
1135,0.971510355574942
1136,0.806737411746864
1137,0.7320709334513369
1138,0.9564188297593818
1139,0.08061828510257539
1140,0.5717358047112314
1141,0.6063369579498104
1142,0.7450074469874307
1143,0.25661693558934384
1144,0.46357856313486623
1145,0.2698578405789323
1146,0.1858750709294367
1147,0.07510472133493218
1148,0.655446463265774
1149,0.9393584873713146
1150,0.11060573593352971
1151,0.48618002310507
1152,0.2841694328886757
1153,0.5951657229858451
1154,0.6607825252982771
1155,0.5888422581837338
1156,0.8820908861436725
1157,0.2206257723442104
1158,0.3845036922208168
1159,0.45812404654168065
1160,0.6396947014171744
1161,0.9523468525698484
1162,0.8758471854585986
1163,0.5722059396540994
1164,0.13872723515370025
1165,0.021589949043432713
1166,0.9353982032042336
1167,0.6805125467626194
1168,0.17952123943687587
1169,0.661138684863372
1170,0.18419651246774366
1171,0.7677472254897403
1172,0.5230245174296044
1173,0.8661298052368867
1174,0.8560160462257907
1175,0.9134364893943994
1176,0.11181481885656808
1177,0.3673234800591864
1178,0.7852606506555375
1179,0.4172887763604595
1180,0.7365069191600389
1181,0.43053404570117704
1182,0.9373072860942309
1183,0.09190296567552429
1184,0.4953039776088253
1185,0.07509412703511602
1186,0.8130002136160923
1187,0.44727018443081706
1188,0.3834361026498725
1189,0.48248960761374377
1190,0.09253155911183464
1191,0.7195421972301851
1192,0.6218150459585353
1193,0.31165631831048335
1194,0.8161187928764425
1195,0.787090776030534
1196,0.8221578829266889
1197,0.516739583945422
1198,0.576932471429392
1199,0.014797164064044875
1200,0.3938084765018349
1201,0.4952011913014172
1202,0.8244852320156387
1203,0.8817350556781249
1204,0.9022658181440444
1205,0.19142991988637353
1206,0.5984291395138275
1207,0.8341644421837572
1208,0.9291601868909943
1209,0.27676163600036835
1210,0.6469369901427084
1211,0.9617588062061116
1212,0.19465972180908042
1213,0.88942269035737
1214,0.23055756666862331
1215,0.43146447049920406
1216,0.3226704952054977
1217,0.5988540541130285
1218,0.2284753598448185
1219,0.9313144262155826
1220,0.1669105892247525
1221,0.14439249369097346
1222,0.049381092025811375
1223,0.5398237223645747
1224,0.985965739988359
1225,0.9784672131611432
1226,0.34820070104638906
1227,0.33174485717346863
1228,0.6170224538035255
1229,0.9596228820451957
1230,0.9235337273633895
1231,0.8287220704288879
1232,0.41776506621625503
1233,0.20537290148250759
1234,0.6845404199247882
1235,0.24114607562108054
1236,0.8488511085767817
1237,0.7260443647756769
1238,0.4776999971152876
1239,0.3416007811592896
1240,0.6058214262850364
1241,0.11323933583403385
1242,0.40344953118650645
1243,0.09398533799620744
1244,0.43179451332204366
1245,0.3092446164356864
1246,0.6532143714345604
1247,0.8622138153684576
1248,0.4324749664137706
1249,0.010286373457420086
1250,0.42937136079894267
1251,0.7985465408587629
1252,0.9293896146468197
1253,0.41479125649681364
1254,0.05617027900933361
1255,0.8305120289658682
1256,0.3843192972289704
1257,0.42957983497528696
1258,0.932923687666461
1259,0.5381753078844735
1260,0.9651178950357926
1261,0.8951497157131394
1262,0.25163033309892463
1263,0.9457389561686098
1264,0.35191052545244383
1265,0.8850450903695215
1266,0.44318626563697555
1267,0.6865535823019073
1268,0.20364899236947687
1269,0.7932695611619504
1270,0.4909968312130123
1271,0.9708022096711844
1272,0.9078542062235334
1273,0.7077651620585869
1274,0.8632787982837123
1275,0.37552443767185334
1276,0.982475610158313
1277,0.5956193888507194
1278,0.7827625261623528
1279,0.3643737249126732
1280,0.13169341920829997
1281,0.44827836961492973
1282,0.36409793965523385
1283,0.4545305692177865
1284,0.9820413794809387
1285,0.8316728541749585
1286,0.42469762524284344
1287,0.4881113368800673
1288,0.8753804068676267
1289,0.6444982621780501
1290,0.18672882789681744
1291,0.4873003429994914
1292,0.47064096309001624
1293,0.9311569632741502
1294,0.5142797396519663
1295,0.22029541083611984
1296,0.9436782316535791
1297,0.9149338344831212
1298,0.9320708734341251
1299,0.40791737799168754
1300,0.5505674066920938
1301,0.4020867160261234
1302,0.31632506150983614
1303,0.953615266364521
1304,0.1627671030605434
1305,0.29984103392992917
1306,0.23933733399548285
1307,0.6995061437683293
1308,0.9757060208080215
1309,0.4405033473857047
1310,0.2541659875006561
1311,0.6394242284432049
1312,0.25103977609166156
1313,0.16795162571435238
1314,0.25400854727327576
1315,0.17820228744666292
1316,0.06831970073125929
1317,0.17356950967367102
1318,0.013875501175510802
1319,0.21455095969533516
1320,0.2795906940359318
1321,0.9647257722960293
1322,0.986153966413817
1323,0.7191945456989134
1324,0.9375677522733847
1325,0.9526143385934754
1326,0.43864611893713285
1327,0.13078721548782865
1328,0.3654976984937588
1329,0.6195008295468716
1330,0.9872413918046489
1331,0.20750617676262575
1332,0.9995400025378688
1333,0.47315511066753496
1334,0.9534270644767744
1335,0.8004685697772305
1336,0.20929714995985815
1337,0.9258515825255992
1338,0.4781718408627048
1339,0.4667679544748482
1340,0.3716899434206266
1341,0.5445406203367634
1342,0.8489854054912791
1343,0.7689213948052062
1344,0.5843109910183375
1345,0.14691869463803503
1346,0.7879218216355179
1347,0.9495803966493462
1348,0.6105793861240784
1349,0.2120633793310329
1350,0.4780032116173199
1351,0.24089614964378597
1352,0.4380384364956561
1353,0.4542580505588334
1354,0.9995400025378688
1355,0.5649251636608218
1356,0.4522615843301055
1357,0.2048953299732027
1358,0.1293662542950338
1359,0.39094830485360416
1360,0.7281520269026811
1361,0.9932637385515986
1362,0.492476940878892
1363,0.21638856759761682
1364,0.484830120616466
1365,0.7183894416117528
1366,0.4029936737079801
1367,0.9294284048550163
1368,0.9982595034484363
1369,0.46254519441213693
1370,0.24074114982264375
1371,0.22592636165072572
1372,0.6848064867501326
1373,0.7345437159300912
1374,0.2102262780869725
1375,0.928925718991678
1376,0.17611990092691324
1377,0.8065786887329586
1378,0.9861932216581599
1379,0.7610007608262704
1380,0.15985113550663135
1381,0.599114018732517
1382,0.7256610719547814
1383,0.31967790414798497
1384,0.46225841989681826
1385,0.9845357474371145
1386,0.01932082997793444
1387,0.41506750520285485
1388,0.48415374451680604
1389,0.26548531122241537
1390,0.9820535896656847
1391,0.8043006424132687
1392,0.5536841165226115
1393,0.48059131863490795
1394,0.9879166229125553
1395,0.7649122324707247
1396,0.42937136079894267
1397,0.8449415728988189
1398,0.1398469790715862
1399,0.6755747985587834
1400,0.3599030011474076
1401,0.6711809223410449
1402,0.8801768944105328
1403,0.32814785200975327
1404,0.30689041421209395
1405,0.8516846831455367
1406,0.25431116996049213
1407,0.8528101661706052
1408,0.3094638623265158
1409,0.26454392840208246
1410,0.09878471225816295
1411,0.2594514928804206
1412,0.8695871360981824
1413,0.5651738425018632
1414,0.35122122010120077
1415,0.9942235236535284
1416,0.1407598577064958
1417,0.9708896247021044
1418,0.8485334025110447
1419,0.3827344992315893
1420,0.8240608430221379
1421,0.7533190983926107
1422,0.8516173832478523
1423,0.9172974520360129
1424,0.4035700291617429
1425,0.7448451379505904
1426,0.6101552593798014
1427,0.13971551535362584
1428,0.7437949511540396
1429,0.2331629437757639
1430,0.3837571956846111
1431,0.8119545260455843
1432,0.3055094608416954
1433,0.9124905385663139
1434,0.13777328360634117
1435,0.24061871289081077
1436,0.27719404576914203
1437,0.04129372374345497
1438,0.17595552839025644
1439,0.28385937789624277
1440,0.9617519665105383
1441,0.5652558583375482
1442,0.9788214870660011
1443,0.9319889078596861
1444,0.6474345340851537
1445,0.35580842324120754
1446,0.6741674662880301
1447,0.4271033871435298
1448,0.21730491741910313
1449,0.5121968876247714
1450,0.2625520973176348
1451,0.9149958014972616
1452,0.765143391872288
1453,0.9563881231584783
1454,0.1913247547015246
1455,0.2380662700938521
1456,0.5937726726475793
1457,0.8132335618873723
1458,0.35721339901892063
1459,0.35908600303178523
1460,0.18374248049534708
1461,0.220525799537387
1462,0.142816747158068
1463,0.3079224928704289
1464,0.7028988126835559
1465,0.701857899253234
1466,0.8665229896853595
1467,0.316710561482617
1468,0.44443571844626417
1469,0.7913864116396845
1470,0.3144059338453592
1471,0.4448431779525815
1472,0.214648602866533
1473,0.6641779413782313
1474,0.7483547156878498
1475,0.40129775690625336
1476,0.29052862962343223
1477,0.17537786451926282
1478,0.14398598434461474
1479,0.7228433227658304
1480,0.9049469002841242
1481,0.9433267208474234
1482,0.9407996719038956
1483,0.497363694365016
1484,0.9312270632433435
1485,0.5111191256153287
1486,0.25832541049108443
1487,0.09303517563331586
1488,0.8541475008161059
1489,0.5771444954105164
1490,0.4591850069960616
1491,0.998376759274728
1492,0.13752320024975034
1493,0.6276430788521014
1494,0.49771695638900665
1495,0.9979183664105045
1496,0.18182594280217168
1497,0.9995400025378688
1498,0.4781507079868651
1499,0.5427842650241301
1500,0.13340866644571364
1501,0.14302302757380664
1502,0.19520149317107133
1503,0.4143321850580003
1504,0.5757844494918973
1505,0.17182452292965433
1506,0.5011469072482595
1507,0.8746996881479795
1508,0.8399876465182968
1509,0.11772138218518799
1510,0.5812855171822571
1511,0.6101983277187819
1512,0.5216063298332168
1513,0.38426642057691524
1514,0.3141615970236163
1515,0.1773935083094564
1516,0.35861002907666006
1517,0.9125124789667678
1518,0.19331067245945982
1519,0.995511194431447
1520,0.8535762280648462
1521,0.041655017523352614
1522,0.8368316227313676
1523,0.1731577684510863
1524,0.12854125673478145
1525,0.7558399577129516
1526,0.3121002928005512
1527,0.3040555733749855
1528,0.580518787529851
1529,0.3408989646301554
1530,0.03217607513206833
1531,0.375523963060599
1532,0.11352353432526956
1533,0.08706371330352777
1534,0.8957803100749537
1535,0.9028408759488671
1536,0.14378416724451398
1537,0.698265599286757
1538,0.5762257075034213
1539,0.4898620253534708
1540,0.23514916737221853
1541,0.960295902264281
1542,0.7109358927558819
1543,0.6523692188175714
1544,0.2541163735286048
1545,0.9763644135994234
1546,0.3420294770010796
1547,0.1272508185365503
1548,0.32433854059330025
1549,0.3948009078488615
1550,0.5489604117007991
1551,0.29063629522989276
1552,0.5526606533232372
1553,0.8585312979341231
1554,0.7474627074604665
1555,0.6106397943522206
1556,0.636638418989145
1557,0.7179901790092048
1558,0.26938731453112735
1559,0.9451906826820546
1560,0.7829272666063022
1561,0.8996443050988936
1562,0.9105623943940802
1563,0.5882516717291022
1564,0.978330992855088
1565,0.7516988434504674
1566,0.6907515515779595
1567,0.8442720600953356
1568,0.5603655433264199
1569,0.6441363736696814
1570,0.6568326477614187
1571,0.43682025323089313
1572,0.9946536226415099
1573,0.6133700959051047
1574,0.9418055917908711
1575,0.15177846717673057
1576,0.3277184564233741
1577,0.2841706312018479
1578,0.37860076556264266
1579,0.7657953922184495
1580,0.3520932789142039
1581,0.38843800162564174
1582,0.7302029194019632
1583,0.24825338244202447
1584,0.40242556711943134
1585,0.4462797350069914
1586,0.24567359216890475
1587,0.14232257583107108
1588,0.05534620191899065
1589,0.63065824877035
1590,0.21252040627335472
1591,0.1648725665709764
1592,0.5044653082431768
1593,0.4866273996939232
1594,0.6564751255152329
1595,0.9289347950352802
1596,0.3759257030690934
1597,0.5883699220245688
1598,0.6866530735948211
1599,0.8307177021221617
1600,0.4955183290809786
1601,0.020061028165873733
1602,0.538395204871229
1603,0.9537259530779229
1604,0.6315927958467495
1605,0.5006589168408636
1606,0.1324437138406585
1607,0.12748454065265566
1608,0.18707204205867708
1609,0.7681371865379519
1610,0.9970486372448607
1611,0.8116603813709793
1612,0.26310438240160683
1613,0.7964161427608211
1614,0.6186942742222885
1615,0.55609479704219
1616,0.21823673747825717
1617,0.10743310856312678
1618,0.9228967232324778
1619,0.793758392306154
1620,0.7898634463503394
1621,0.04850419288575955
1622,0.4767091352963957
1623,0.4151364391983202
1624,0.32813727769518347
1625,0.4401144321157113
1626,0.4475688096811379
1627,0.5657899315503281
1628,0.8824913247925734
1629,0.4807974937368456
1630,0.9836553920448858
1631,0.454989244036773
1632,0.4943528806012025
1633,0.36136787685893546
1634,0.9342586916440035
1635,0.12284329008860072
1636,0.241076259562088
1637,0.3684954473145952
1638,0.2106872847208743
1639,0.9995400025378688
1640,0.34092622821773405
1641,0.7748657918627547
1642,0.3157050818107832
1643,0.39623287986572975
1644,0.669389801210352
1645,0.4443204805142387
1646,0.4156800846331347
1647,0.3177644979099095
1648,0.4053228659835693
1649,0.6373784380286502
1650,0.3747171993067281
1651,0.5047707676540385
1652,0.5842683090400882
1653,0.08713716967096066
1654,0.42282555745732087
1655,0.9869092275873932
1656,0.20706950103417723
1657,0.7559583718750266
1658,0.8492442219725584
1659,0.9852702104605014
1660,0.25928549663358513
1661,0.2659878837949323
1662,0.498142179594145
1663,0.7377188372608665
1664,0.15137032107233978
1665,0.7873637875363205
1666,0.22283639705013175
1667,0.12969063010976728
1668,0.7980929859123643
1669,0.8263273030508724
1670,0.3713908725760309
1671,0.21462754952612917
1672,0.11453595538709498
1673,0.353204497313589
1674,0.9602588334147684
1675,0.39461792491676506
1676,0.4725332434941313
1677,0.8097064134798426
1678,0.2776389868235499
1679,0.6361698418684779
1680,0.8000963184351604
1681,0.20942186404680976
1682,0.5428590417515824
1683,0.43730261647090185
1684,0.29155065317945156
1685,0.09750532341895435
1686,0.33269358258170934
1687,0.7283726280591657
1688,0.6892272814894612
1689,0.06269245663463223
1690,0.24704543502949552
1691,0.24486602965517473
1692,0.3790247713289354
1693,0.7699846452843758
1694,0.3040954968170781
1695,0.20586442951538333
1696,0.18571331449834855
1697,0.6138910974665022
1698,0.17259521687154009
1699,0.8959129587731831
1700,0.22132605279335077
1701,0.08681285276235085
1702,0.22766340538584479
1703,0.9201177253544683
1704,0.7480874471142727
1705,0.7868321634839541
1706,0.2684114866772651
1707,0.10441740382930287
1708,0.3483828173514823
1709,0.3829900591522706
1710,0.4792090974131951
1711,0.8468719352623884
1712,0.9884831502986645
1713,0.3981269012307381
1714,0.7633375552608583
1715,0.6437088405238477
1716,0.7139079341753667
1717,0.9630769441360548
1718,0.9429502899107258
1719,0.2753430761590496
1720,0.43341552254199595
1721,0.49394911433696137
1722,0.9427206398763278
1723,0.5234262074748984
1724,0.43320332918247784
1725,0.973393521194636
1726,0.8387490739896734
1727,0.2175708671129984
1728,0.054756996177936744
1729,0.8574328938005227
1730,0.3111799436929389
1731,0.9750334958300906
1732,0.7886328909713801
1733,0.6778583112129334
1734,0.6054047653054978
1735,0.713182239923175
1736,0.3623945955500511
1737,0.2478183161893596
1738,0.8389464253016055
1739,0.6880068280170121
1740,0.9876970854203068
1741,0.24033174671077867
1742,0.5045847241699679
1743,0.9962099142823801
1744,0.9310825366717864
1745,0.7640961642377019
1746,0.4396502941894308
1747,0.37541470804480326
1748,0.49780920218037467
1749,0.2958626497540412
1750,0.5642301881563845
1751,0.8004010282493736
1752,0.4779886140770817
1753,0.7188661023010655
1754,0.17682360270608663
1755,0.17996111128085485
1756,0.21868598528000804
1757,0.647692005340175
1758,0.5660828856266623
1759,0.9929369757655305
1760,0.01700621189416305
1761,0.9872413918046489
1762,0.7761541793296853
1763,0.3148123045761373
1764,0.8028848726352976
1765,0.2502974551940203
1766,0.5204082388819824
1767,0.6969411624951201
1768,0.4791685350141774
1769,0.14083903162406067
1770,0.24773561984102774
1771,0.6944982065008951
1772,0.28974920690135414
1773,0.8889012090466597
1774,0.5947521855000403
1775,0.2288853121689259
1776,0.6126974480436105
1777,0.6836511989668403
1778,0.9650615373222653
1779,0.9366869888876844
1780,0.3354806042465426
1781,0.6517492851981714
1782,0.21563597067527443
1783,0.11744740860571047
1784,0.48761155177513027
1785,0.6597835668136203
1786,0.24455305022054033
1787,0.29868329650791703
1788,0.4515228981790607
1789,0.21006406892052157
1790,0.5578696823791506
1791,0.6209463922739187
1792,0.7316073572046424
1793,0.8100414971838061
1794,0.3076817021045442
1795,0.9423328022615931
1796,0.05690705288292716
1797,0.47785662008043317
1798,0.4127632161154312
1799,0.42686474068835606
1800,0.47109997798767156
1801,0.35493927600528313
1802,0.7898810590046323
1803,0.949568464038164
1804,0.23193513978306016
1805,0.5545998997893606
1806,0.2352665714580933
1807,0.9870072657823686
1808,0.42937136079894267
1809,0.42388989642825287
1810,0.4742403080025464
1811,0.9426270728320009
1812,0.8714040153976953
1813,0.9316921852085766
1814,0.4859046003599874
1815,0.18228970130085487
1816,0.3271407772612338
1817,0.9049955647245919
1818,0.2528013315417839
1819,0.41823304722120547
1820,0.7374811698311736
1821,0.29609177908531165
1822,0.3836558792699846
1823,0.21664620255696324
1824,0.8210969677788976
1825,0.23352792319224996
1826,0.3277855395530144
1827,0.993078915582029
1828,0.3029898753929369
1829,0.1313569452708121
1830,0.3450954353388389
1831,0.05568863450849537
1832,0.04903401774968166
1833,0.3199694346444906
1834,0.22435303448270547
1835,0.9154719384981288
1836,0.962103330155261
1837,0.44377884183054456
1838,0.20352144551898652
1839,0.1260239168055154
1840,0.9256169790526801
1841,0.33834882677729033
1842,0.9421062157936663
1843,0.31131610250858993
1844,0.6497732386977093
1845,0.2821639075800009
1846,0.07311298177556214
1847,0.6887356434886079
1848,0.28682494747168635
1849,0.13164499139749772
1850,0.08864817830017876
1851,0.9401898022749341
1852,0.9107004671058784
1853,0.6173698450338353
1854,0.2491979060787451
1855,0.938936720296643
1856,0.8846968602641416
1857,0.2512492079972918
1858,0.5860979543022591
1859,0.5010106859530324
1860,0.4623115876973922
1861,0.2346828521438297
1862,0.037391634873648716
1863,0.09886234396394013
1864,0.3335497389163447
1865,0.9310337036295914
1866,0.5935314878655186
1867,0.1960943028244027
1868,0.1558341174712556
1869,0.7250577303701182
1870,0.32673354094135354
1871,0.9410038474586564
1872,0.2539483852017219
1873,0.8123329920381086
1874,0.40799744422760725
1875,0.9835675531191492
1876,0.5844994873868147
1877,0.8966853542329888
1878,0.23785846186150533
1879,0.5528170357623768
1880,0.411682072457197
1881,0.8828924785978387
1882,0.0001172901458145797
1883,0.14555740733976988
1884,0.7912686245706501
1885,0.42937136079894267
1886,0.5078937311157353
1887,0.3335742402239324
1888,0.4562488883428354
1889,0.4308432180830225
1890,0.9856862746435162
1891,0.30569408107768936
1892,0.302379964148587
1893,0.968913787122551
1894,0.3077847770112665
1895,0.3759075900220607
1896,0.3633941901637912
1897,0.3335548118681051
1898,0.742383244566836
1899,0.9828028340006738
1900,0.32005909882564404
1901,0.4307685695180843
1902,0.21702317259692827
1903,0.759773475077976
1904,0.571880997238776
1905,0.781787683478114
1906,0.39456261292882044
1907,0.47963911351516847
1908,0.8501612834573918
1909,0.09695146850281314
1910,0.8405672780927701
1911,0.5963042386283172
1912,0.14939917819492102
1913,0.9243459599845222
1914,0.9846416420034744
1915,0.3712392451550517
1916,0.34932029855074226
1917,0.6582303284433274
1918,0.9369766032349647
1919,0.8501927612769227
1920,0.09542745577676197
1921,0.28660053790856155
1922,0.4383116815069824
1923,0.9265730597830265
1924,0.95736044800352
1925,0.20282726005606622
1926,0.17370642798272765
1927,0.9352807079468812
1928,0.13520165606551407
1929,0.21086377374613333
1930,0.1953404213695455
1931,0.7568163848832833
1932,0.7937890796211798
1933,0.7691258725684316
1934,0.19699190695970395
1935,0.38897115374774816
1936,0.48092684268570735
1937,0.28102809493076564
1938,0.8630651153593941
1939,0.3295835049965701
1940,0.7941235256898642
1941,0.9814740271700376
1942,0.6423653415565952
1943,0.8057613786766421
1944,0.610835552069321
1945,0.05832176726488339
1946,0.13107023103219959
1947,0.9695149492512234
1948,0.45749607219725674
1949,0.8146534909444301
1950,0.7930592827942333
1951,0.5067770084145857
1952,0.9283794738518245
1953,0.38566758681017665
1954,0.39250563664304317
1955,0.9788182447408428
1956,0.5371036199563822
1957,0.6035829355786141
1958,0.10166862342402819
1959,0.5186112717079056
1960,0.3554252726887433
1961,0.1869099189814731
1962,0.8714135399288998
1963,0.9742044582679497
1964,0.9305470420573025
1965,0.9286377910845571
1966,0.09241178103399783
1967,0.22712372847296983
1968,0.9998484951639427
1969,0.937649726387998
1970,0.9144698772147165
1971,0.33849090346304966
1972,0.19624794611997365
1973,0.342258267586659
1974,0.9609601668472694
1975,0.10464324017460645
1976,0.24591094673153616
1977,0.9972787934420222
1978,0.32034686758269637
1979,0.8806003520110217
1980,0.6525556053744085
1981,0.7855664070943691
1982,0.9130510375135905
1983,0.20654896714509183
1984,0.30039134595836403
1985,0.27112167166752793
1986,0.9410118584791398
1987,0.6921332495729019
1988,0.4832743522509686
1989,0.9401191317021694
1990,0.2959796871036806
1991,0.39652749935038417
1992,0.5644711481667251
1993,0.3522949318106946
1994,0.4071477080029281
1995,0.27011818897933776
1996,0.9930657926266586
1997,0.8723692923079901
1998,0.7324559382998512
1999,0.9565964334653708
2000,0.828107294095221
2001,0.0053818824483885044
2002,0.35310089524874516
2003,0.982475610158313
2004,0.6849299013239393
2005,0.16009974941254435
2006,0.99110442275076
2007,0.26159478239220674
2008,0.6334761110603567
2009,0.6882743497639432
2010,0.5546351372794436
2011,0.9841161507722053
2012,0.5830839669545945
2013,0.58399425926066
2014,0.20997704217111143
2015,0.9908276455521169
2016,0.8824167009381945
2017,0.8458689332820895
2018,0.4846127069151269
2019,0.5052445607041748
2020,0.18118404999023233
2021,0.35078716187758846
2022,0.9833211871621089
2023,0.7422235464913285
2024,0.4527901555462967
2025,0.2924865685816765
2026,0.3760002478975188
2027,0.9096990297651746
2028,0.9014729362415266
2029,0.4351711994115777
2030,0.5481740129335866
2031,0.3280812592864863
2032,0.25199210204364075
2033,0.9855004990326584
2034,0.44943762452145
2035,0.37261457926987157
2036,0.6358854396001942
2037,0.6345137534560374
2038,0.12680257552810428
2039,0.5642059157985729
2040,0.5581959231942099
2041,0.07708457313245973
2042,0.2754650938589861
2043,0.5451672108366188
2044,0.23959527052526006
2045,0.9106315480642605
2046,0.26426850139180147
2047,0.38120629664484806
2048,0.9172532361903466
2049,0.6195464345882794
2050,0.17815561746956166
2051,0.7512517854510072
2052,0.12463197186759022
2053,0.0825296450603908
2054,0.4684612771248953
2055,0.5460790642355795
2056,0.9235149906735641
2057,0.5806921451401119
2058,0.09113257059366171
2059,0.6068064581832503
2060,0.09252470862368567
2061,0.601494629354371
2062,0.9668314142412637
2063,0.8710498913258662
2064,0.9356403985303358
2065,0.8024420599998153
2066,0.10806063678578935
2067,0.7734227424718438
2068,0.9623792317727478
2069,0.040622646897396385
2070,0.7809917452310242
2071,0.334228632803792
2072,0.5641071283290088
2073,0.8115732778417989
2074,0.4003531889994485
2075,0.6714081383906284
2076,0.5379447805191435
2077,0.6387802414871981
2078,0.6960076678266437
2079,0.5864871209087816
2080,0.009125071517956832
2081,0.6875851831047787
2082,0.6428709065868587
2083,0.2589336031021455
2084,0.3328638962631577
2085,0.15813907880410288
2086,0.5058947785539766
2087,0.4301244962647724
2088,0.5888945904315073
2089,0.7943541163940678
2090,0.90652603582257
2091,0.5814860228248616
2092,0.5983892919875047
2093,0.3102947194787178
2094,0.3963116608851833
2095,0.9254454082713017
2096,0.8560451036097602
2097,0.791456858539398
2098,0.780351806049507
2099,0.9656213037603649
2100,0.7180378873291026
2101,0.19343788517416702
2102,0.8326329866579814
2103,0.621680387031337
2104,0.4018836083281112
2105,0.2896481064976999
2106,0.8671112196026188
2107,0.7041740881065669
2108,0.9550120955794036
2109,0.7226024730542718
2110,0.8337352338547005
2111,0.7451344205905768
2112,0.7769184883456782
2113,0.9161163145066356
2114,0.7715266592156924
2115,0.12341757249128249
2116,0.6905108310815735
2117,0.6089900623071385
2118,0.09880809153063422
2119,0.33380937809091527
2120,0.7414627187818079
2121,0.19398755290741132
2122,0.863994416763084
2123,0.5965273533644027
2124,0.8206996439203912
2125,0.2833491788382001
2126,0.6544440691573461
2127,0.03604929111327503
2128,0.5933583729353161
2129,0.8218296321518612
2130,0.26759875091632124
2131,0.41478504182858644
2132,0.9027381303402008
2133,0.23477269853225224
2134,0.7813139081007388
2135,0.9950310789224613
2136,0.4539057616841236
2137,0.8304668110297729
2138,0.9947967673879896
2139,0.9052483803839426
2140,0.2015099126816792
2141,0.7006427157550835
2142,0.4398769672574944
2143,0.7394118904759137
2144,0.9042107260301588
2145,0.06516228366435291
2146,0.15923035689847376
2147,0.20617255072542068
2148,0.667008369904149
2149,0.579387531105467
2150,0.8749046488726937
2151,0.4274768899068026
2152,0.4745402459437219
2153,0.3624821569267752
2154,0.11912661724670981
2155,0.2039855390148737
2156,0.3179844648868464
2157,0.9419460247021965
2158,0.25112706865705886
2159,0.11725751706304638
2160,0.9510809204595165
2161,0.6621442299493775
2162,0.3234099842477083
2163,0.4261095967411712
2164,0.5733571659581808
2165,0.552688305441233
2166,0.5497891397863282
2167,0.8422341813921657
2168,0.6267501623147179
2169,0.17805095011355837
2170,0.5364492010516854
2171,0.4431156632358985
2172,0.9476918925757372
2173,0.8817984292604935
2174,0.9187356507487817
2175,0.23366832116811848
2176,0.6825111996701431
2177,0.11840398705593534
2178,0.46737347974062876
2179,0.8449770175729423
2180,0.3313271900401261
2181,0.9573768391535683
2182,0.9032965706918692
2183,0.38523834044286276
2184,0.9040326393486284
2185,0.8422027926445169
2186,0.90283545622706
2187,0.5297327185421962
2188,0.8696077629325178
2189,0.5832436463445765
2190,0.5789845305021314
2191,0.9114051809368077
2192,0.5040466706873207
2193,0.8801964123789445
2194,0.5847277036178516
2195,0.9058937078652007
2196,0.6559972435670345
2197,0.291152866223051
2198,0.8660800568240524
2199,0.2838809677026254
2200,0.2966882453966926
2201,0.24986083370186854
2202,0.154232665514762
2203,0.4279265658864632
2204,0.013503219057370184
2205,0.9152892356454704
2206,0.4147582904374852
2207,0.4973835517312153
2208,0.9290495347954025
2209,0.712566642384515
2210,0.794977799070061
2211,0.31212213253588744
2212,0.9903912369476008
2213,0.12144698464503541
2214,0.9175585794134247
2215,0.5653604529406969
2216,0.42937136079894267
2217,0.9956175172145277
2218,0.832955462009406
2219,0.4426313559228616
2220,0.12711974182937852
2221,0.868439709077794
2222,0.8911642263920152
2223,0.5814653629902063
2224,0.8054560807918769
2225,0.47035237809388347
2226,0.22151522969127957
2227,0.16014272956574016
2228,0.2562595056219593
2229,0.4045538729606193
2230,0.32438373306146895
2231,0.8680190191201056
2232,0.1536272671039545
2233,0.4917014740848079
2234,0.6821704553735879
2235,0.38864640941749573
2236,0.30635935445111573
2237,0.6672810335132294
2238,0.11978025281556266
2239,0.9747114558528749
2240,0.5749541163347782
2241,0.9304236368126833
2242,0.4165086791175415
2243,0.811196528390438
2244,0.5953470701457553
2245,0.05438903113609548
2246,0.8061862191749718
2247,0.8900905709588502
2248,0.3000863517102121
2249,0.4452005339035662
2250,0.06549561153067218
2251,0.3313356392169157
2252,0.35013427510765294
2253,0.6584626880339268
2254,0.3596047726075066
2255,0.3858497456260081
2256,0.8974500353000872
2257,0.3894329426115361
2258,0.10585001744597107
2259,0.7677020308410267
2260,0.34458770360874913
2261,0.9180464977650558
2262,0.2273304183473382
2263,0.6592632038944047
2264,0.45727278157794565
2265,0.4692392526172909
2266,0.3789660645929711
2267,0.9849455060829454
2268,0.7523592930906633
2269,0.8252552076999009
2270,0.34369161265765896
2271,0.11460476126142083
2272,0.9834865522240035
2273,0.19806834888757885
2274,0.9443909706226497
2275,0.21906492938010072
2276,0.7885575096005977
2277,0.5922908203951742
2278,0.8816169455801157
2279,0.03802859328685414
2280,0.9981375622105976
2281,0.4856757817541397
2282,0.6810625772991549
2283,0.855665057338358
2284,0.5626813554822993
2285,0.5310599788580984
2286,0.808779906502173
2287,0.4317941958299582
2288,0.772190198845581
2289,0.7199448317266308
2290,0.985606384055366
2291,0.643721679911343
2292,0.7356333586909292
2293,0.5213997412763657
2294,0.9217589158564561
2295,0.6491083248032918
2296,0.4142953688392318
2297,0.8007864515114229
2298,0.4140826349085544
2299,0.47130058185693235
2300,0.8572570293532902
2301,0.10413789499539565
2302,0.40215845567064085
2303,0.5079589919796352
2304,0.2024841382068653
2305,0.4104879690442712
2306,0.7648640162907206
2307,0.9938801091774142
2308,0.3669567045063651
2309,0.9895063495354424
2310,0.7386667266737826
2311,0.5799536534652439
2312,0.18526411359394138
2313,0.515503825027159
2314,0.4570267748003807
2315,0.3987907111795647
2316,0.2571997098423391
2317,0.24983109281955207
2318,0.23601518230811816
2319,0.3730297188364469
2320,0.21476617046038604
2321,0.9349332703878878
2322,0.9045156630970411
2323,0.35961253358427275
2324,0.5311703139227458
2325,0.20885422701194703
2326,0.9232184467405741
2327,0.790965221637864
2328,0.9156894997923739
2329,0.9241460617691559
2330,0.6663295751076782
2331,0.908137509111676
2332,0.7091508063617287
2333,0.6959724593328579
2334,0.46788229762914185
2335,0.3602563738570124
2336,0.7618373276109622
2337,0.5325887395614322
2338,0.9214372220137492
2339,0.9079906150598729
2340,0.9040489489867254
2341,0.45046021890167603
2342,0.24675406779441084
2343,0.24168966458917243
2344,0.131317881100486
2345,0.10908774882854018
2346,0.9078763428495165
2347,0.35101266927416264
2348,0.9892518158512272
2349,0.9566844077050776
2350,0.7265827402275458
2351,0.7378830425479537
2352,0.3716885941874626
2353,0.28745289895936116
2354,0.8376187724930263
2355,0.23251093060012704
2356,0.346086973012577
2357,0.5657321436296384
2358,0.2684648146909616
2359,0.11981461310805398
2360,0.32530916292896517
2361,0.27163398633879554
2362,0.9563901934688714
2363,0.5801635840324438
2364,0.352021944298784
2365,0.9558258918939865
2366,0.9488354406701931
2367,0.08112817099026073
2368,0.3298024796980608
2369,0.9535898780250619
2370,0.613581604297515
2371,0.29214232728446515
2372,0.7380985758626678
2373,0.11772617699823455
2374,0.09134601125091511
2375,0.1278311782485163
2376,0.8766279068369657
2377,0.12787189375817362
2378,0.9195468871601423
2379,0.0948257682128596
2380,0.13012908446727392
2381,0.8016138137914564
2382,0.4427095873823347
2383,0.5143409458539631
2384,0.9696308906059995
2385,0.661707147013175
2386,0.8451127375405436
2387,0.9390014784693935
2388,0.487050767082394
2389,0.6257690518413428
2390,0.7510896569064481
2391,0.7313486009162218
2392,0.4060001744500004
2393,0.051428220885699906
2394,0.6006039891841645
2395,0.7654114103644117
2396,0.45600358613224873
2397,0.8836391033504463
2398,0.725119155213216
2399,0.149373055278879
2400,0.05560469791308656
2401,0.9100468094435334
2402,0.9972949218426531
2403,0.6068709569039825
2404,0.6066070500669429
2405,0.7689165269784879
2406,0.6723879555957452
2407,0.1759152705184763
2408,0.4572653370017413
2409,0.5352587928844035
2410,0.7735444930469025
2411,0.20447913478943805
2412,0.22300793324682858
2413,0.20942587244674862
2414,0.37607393014011403
2415,0.4769119524508118
2416,0.786094505989319
2417,0.30067421250617665
2418,0.515170583883077
2419,0.8969892509483302
2420,0.948895675160418
2421,0.9276655121076387
2422,0.7829157958732647
2423,0.4274839393960685
2424,0.9204375405532372
2425,0.3245895398197199
2426,0.31538921861606645
2427,0.24505275436520957
2428,0.6265177906831672
2429,0.7337579409810804
2430,0.48521847554859504
2431,0.9128392182057276
2432,0.8435007266562571
2433,0.36458242816277736
2434,0.5976240156913502
2435,0.760589477358986
2436,0.5555253238179505
2437,0.9809329950791864
2438,0.16905360338882608
2439,0.8571206266977285
2440,0.19618677797001377
2441,0.337630935192674
2442,0.04060592030399805
2443,0.9385313250245304
2444,0.9035258727865708
2445,0.8401472174462173
2446,0.45600351789673477
2447,0.4366199414814984
2448,0.6715096018273196
2449,0.5223355812587608
2450,0.6851008845928207
2451,0.372438565687529
2452,0.9563445831716202
2453,0.49980560712527544
2454,0.3882870641166612
2455,0.9733862293611001
2456,0.021400101945379724
2457,0.8715339762235177
2458,0.3150072856763293
2459,0.46649098293086966
2460,0.4411016126801515
2461,0.23565765403463643
2462,0.6463205920898042
2463,0.09888909458722829
2464,0.5507974897771182
2465,0.9172730185312722
2466,0.46632594404025507
2467,0.3712392194107706
2468,0.3608322872458547
2469,0.2977603292775235
2470,0.46834845243927753
2471,0.9425876591958848
2472,0.9625134254553432
2473,0.2234120064833239
2474,0.6131304784119856
2475,0.804903769138869
2476,0.541245160042656
2477,0.2193363479741346
2478,0.26619677077179377
2479,0.22133866654456244
2480,0.7773242504789896
2481,0.9059847285702805
2482,0.3897559767007005
2483,0.2168724937789983
2484,0.7007472353406087
2485,0.8193835163513176
2486,0.9571885950411465
2487,0.9974474802417418
2488,0.9612602422864223
2489,0.44546590608796727
2490,0.31229395824443285
2491,0.31925839448009696
2492,0.21167401049204032
2493,0.7800400861988782
2494,0.2740307102763999
2495,0.9012779702520968
2496,0.5431692622509164
2497,0.8513291842310077
2498,0.9771735866434741
2499,0.18310244824749844
2500,0.8287363697363596
2501,0.20390218830595153
2502,0.08494727496372508
2503,0.835904987339234
2504,0.3575403980492005
2505,0.971457527575284
2506,0.484040224243169
2507,0.3887322356031379
2508,0.5193307389471151
2509,0.4162948336811183
2510,0.8051940071626729
2511,0.998915237922096
2512,0.17428922585150508
2513,0.17009739682544323
2514,0.37225913697245533
2515,0.9545792332380026
2516,0.08477459628933541
2517,0.2429832013314014
2518,0.27838793556246816
2519,0.04000880771822119
2520,0.3179332957008864
2521,0.6970335897342772
2522,0.487383115074969
2523,0.6557930689915215
2524,0.619835347708958
2525,0.6042261299931052
2526,0.540813694507117
2527,0.24685486154691097
2528,0.958574426754016
2529,0.8608616992165481
2530,0.7800617317951625
2531,0.05805494495446463
2532,0.6181769417939686
2533,0.9588196409430549
2534,0.1633518669148962
2535,0.12018246530756374
2536,0.9925064707664933
2537,0.11607930960456321
2538,0.18411597005400362
2539,0.2826335389713817
2540,0.43594740571018825
2541,0.6858490486948203
2542,0.36034779890083446
2543,0.3060958022847029
2544,0.9630554984609645
2545,0.45118335414753974
2546,0.05638542344365282
2547,0.9368555424041521
2548,0.7357681639096267
2549,0.8705371277991458
2550,0.9789496593786945
2551,0.8344872124673227
2552,0.04631095225361341
2553,0.7663981080087697
2554,0.09807945951225179
2555,0.05564338931657517
2556,0.7526487307559705
2557,0.40337825963202767
2558,0.46989488005904284
2559,0.8010418749311998
2560,0.6449347233375659
2561,0.43120350175039746
2562,0.9879820821761276
2563,0.2753108978407496
2564,0.2629791992000622
2565,0.04044959570627324
2566,0.08162121648008963
2567,0.5652745853424045
2568,0.6568254780486321
2569,0.8914318295133427
2570,0.4803056208071439
2571,0.6690278917066248
2572,0.7787090926622212
2573,0.5694484864964754
2574,0.6142327376460289
2575,0.8178666990352288
2576,0.6108648477858472
2577,0.2236264331784633
2578,0.6086776007290681
2579,0.45875091039037236
2580,0.2262690410854375
2581,0.20528698183717428
2582,0.7990704545955376
2583,0.5819040122945905
2584,0.9342224535093411
2585,0.1484494538030543
2586,0.11770364052210981
2587,0.39689284338971326
2588,0.1784699585347319
2589,0.3621846304087774
2590,0.32488327795070054
2591,0.6246092094556346
2592,0.7530461041554907
2593,0.34170491841417555
2594,0.5986390212682572
2595,0.32683328356196567
2596,0.8303107071855886
2597,0.8262999387569754
2598,0.24880998309051044
2599,0.20574112378830717
2600,0.9285893536168435
2601,0.175100001007855
2602,0.21378488286994324
2603,0.35692358807115443
2604,0.5603171665215384
2605,0.8984978513996892
2606,0.7347705825292544
2607,0.6351837740374366
2608,0.5852915170448302
2609,0.6837199702649888
2610,0.16543496529615748
2611,0.4183995901565851
2612,0.6719878688667928
2613,0.8480527125666092
2614,0.5766485715514611
2615,0.15087715297193938
2616,0.6312001495768289
2617,0.8289262276072707
2618,0.5049625428940584
2619,0.9558525760304685
2620,0.5435876999099787
2621,0.21179795954486594
2622,0.2887697173299051
2623,0.14721646036775077
2624,0.8897511966722782
2625,0.881522385418341
2626,0.251312245885769
2627,0.03206647639174675
2628,0.9677552296169429
2629,0.35160013350658903
2630,0.8453527469753968
2631,0.36668742616302646
2632,0.18398509448752626
2633,0.7264006134750102
2634,0.8986743158587749
2635,0.2328053140608
2636,0.3370093230512716
2637,0.7076551483096809
2638,0.16866611577112808
2639,0.08112967367627856
2640,0.47502091353542075
2641,0.3698890839447627
2642,0.8497167325189602
2643,0.953874652636249
2644,0.2274566258587122
2645,0.6154085705302872
2646,0.6566025332370908
2647,0.2563384143903599
2648,0.43808565176505865
2649,0.16758697687245888
2650,0.0466242109162473
2651,0.46693885544779556
2652,0.7636610441958677
2653,0.5667981620431572
2654,0.9645489937823801
2655,0.5397210834099472
2656,0.09816175303219529
2657,0.5407013509771951
2658,0.9730064144281828
2659,0.7561672140055465
2660,0.8377756772742325
2661,0.4155754522259245
2662,0.4172507880251255
2663,0.7671185397892714
2664,0.19893642925432786
2665,0.7692821742581819
2666,0.7662847212866895
2667,0.691141288346667
2668,0.1815111148115437
2669,0.31674753122636395
2670,0.3035290466349238
2671,0.7835644738731731
2672,0.8947712109817931
2673,0.538164233614032
2674,0.49551492632885
2675,0.6068668199229797
2676,0.6749987995593106
2677,0.11205667169885938
2678,0.9618350969935746
2679,0.1686873706350704
2680,0.6170810929763776
2681,0.29647049288509303
2682,0.8868141451582716
2683,0.27412632802803466
2684,0.9308103544676812
2685,0.5903090652373005
2686,0.20732194496854078
2687,0.7837496228314148
2688,0.9721623054102926
2689,0.9013727389922119
2690,0.9715567439675301
2691,0.559890093047501
2692,0.5261389195861497
2693,0.9876497347393216
2694,0.7629609201323156
2695,0.7119290939123457
2696,0.1845891614167235
2697,0.5070589971478386
2698,0.9707923501469732
2699,0.29719266365334607
2700,0.7479144543227028
2701,0.4323222733683017
2702,0.9814949809435445
2703,0.5753208220064598
2704,0.7730986653832597
2705,0.5360760385757878
2706,0.5955657591292198
2707,0.3000852600845584
2708,0.7577749282009097
2709,0.981721532785776
2710,0.42937136079894267
2711,0.261902492469219
2712,0.12979908061591403
